ID/SNP	NW_019805647_1-36332_3	NW_019805656_1-330489_3	NW_019805923_1-290863_3	NW_019805955_1-9492_3	NW_019806127_1-62664_3	NW_019806129_1-246050_3	NW_019806419_1-1216698_3	NW_019806771_1-568538_3	NW_019807349_1-24253_3	NW_019807607_1-11892_3	NW_019807659_1-459608_3	NW_019807999_1-7900_3	NW_019808691_1-366131_3	NW_019808699_1-182709_3	NW_019808800_1-89227_3	NW_019809106_1-29574_3	NW_019809575_1-618301_3	NW_019809862_1-74665_3	NW_019809864_1-136079_3	NW_019810212_1-153616_3	NW_019810523_1-85269_3	NW_019810710_1-50301_3	NW_019811254_1-330356_3	NW_019811477_1-195180_3	NW_019811540_1-68845_3	NW_019811588_1-66207_3	NW_019811871_1-517956_3	NW_019812327_1-35614_3	NW_019812452_1-220538_3	NW_019812671_1-58240_3	NW_019813032_1-14228_3	NW_019813447_1-182622_3	NW_019813483_1-145087_3	NW_019813979_1-57807_3	NW_019814103_1-89353_3	NW_019814695_1-245120_3	NW_019814798_1-264919_3	NW_019815256_1-202972_3	NW_019815282_1-667003_3	NW_019815581_1-177006_3	NW_019816073_1-219873_3	NW_019816118_1-88423_3	NW_019816391_1-545154_3	NW_019816460_1-142769_3	NW_019817474_1-891316_3	NW_019817492_1-199738_3	NW_019817535_1-1278_3	NW_019818044_1-374786_3	NW_019818080_1-81627_3	NW_019818172_1-156533_3	NW_019818248_1-404313_3	NW_019818826_1-37356_3	NW_019819328_1-137883_3	NW_019819677_1-563457_3	NW_019819700_1-399855_3	NW_019820711_1-73529_3	NW_019820716_1-126688_3	NW_019820855_1-49892_3	NW_019821094_1-267169_3	NW_019821101_1-765244_3	NW_019821265_1-505518_3	NW_019821869_1-127419_3	NW_019821944_1-544719_3	NW_019822385_1-129265_3	NW_019822813_1-121522_3	NW_019822816_1-135431_3	NW_019822939_1-224141_3	NW_019822942_1-488546_3	NW_019823259_1-607418_3	NW_019823272_1-261842_3	NW_019823322_1-182902_3	NW_019823613_1-369555_3	NW_019823776_1-421505_3	NW_019824108_1-821821_3	NW_019824358_1-686938_3	NW_019824424_1-437676_3	NW_019824559_1-110249_3	NW_019825202_1-350825_3	NW_019825472_1-295941_3	NW_019825475_1-462791_3	NW_019826232_1-134149_3	NW_019827205_1-405438_3	NW_019827654_1-88062_3	NW_019827905_1-190645_3	NW_019827909_1-117591_3	NW_019828098_1-2061_3	NW_019828650_1-1298_3	NW_019828658_1-596_3	NW_019828742_1-2230_3	NW_019828800_1-3241_3																																																																																										
A05-17	C	C	A	A	A	A	C	C	T	T	A	A	C	C	T	T	C	C	A	A	G	G	C	C	T	T	T	T	A	A	C	C	A	A	A	A	G	G	A	A	C	C	G	G	G	G	T	T	G	G	G	G	T	T	A	A	T	T	A	A	G	G	A	A	A	A	0	0	C	C	A	A	G	G	A	A	C	C	C	C	A	A	A	A	G	G	T	T	G	G	G	G	G	G	T	T	A	A	T	T	A	A	A	A	T	T	T	T	T	T	A	A	G	C	G	G	C	C	T	T	0	0	A	A	C	C	G	G	T	T	C	C	T	T	C	C	G	G	G	G	C	C	T	T	G	G	G	G	C	C	G	G	T	T	C	C	G	G	A	A	A	A	G	G	C	C	T	T	A	A	A	A	C	C	T	T	C	C	A	A
A05-27	C	C	A	A	A	A	C	C	T	T	A	A	C	C	T	T	C	C	A	A	G	G	C	C	T	T	T	T	A	A	C	C	A	A	A	A	G	G	A	A	C	C	G	G	G	G	T	T	G	G	G	G	T	T	A	A	T	T	A	A	G	G	A	A	A	A	0	0	C	C	A	A	G	G	A	A	C	C	C	C	A	A	A	A	G	G	T	T	G	G	G	G	G	G	T	T	A	A	T	T	A	A	A	A	T	T	T	T	T	T	A	A	G	C	G	G	C	C	T	T	0	0	A	A	C	C	G	G	T	T	C	C	T	T	C	C	G	G	G	G	C	C	T	T	G	G	G	G	C	C	G	G	T	T	C	C	G	G	A	A	A	A	G	G	C	C	T	T	A	A	A	A	C	C	T	T	C	C	A	A
A05-67	C	C	A	A	A	A	C	C	T	T	A	A	C	C	T	T	C	C	A	A	G	G	C	C	T	T	T	T	A	A	C	C	A	A	A	A	G	G	A	A	C	C	G	G	G	G	T	T	G	G	G	G	T	T	A	A	T	T	A	A	G	G	A	A	A	A	0	0	C	C	A	A	G	G	A	A	C	C	C	C	A	A	A	A	G	G	T	T	G	G	G	G	G	G	T	T	A	A	T	T	A	A	A	A	T	T	T	T	T	T	A	A	G	C	G	G	C	C	T	T	0	0	A	A	C	C	G	G	T	T	C	C	T	T	C	C	G	G	G	G	C	C	T	T	G	G	G	G	C	C	G	G	T	T	C	C	G	G	A	A	A	A	G	G	C	C	T	T	A	A	A	A	C	C	T	T	C	C	A	A
A07-05	C	C	A	A	A	A	C	C	T	T	A	A	C	C	T	T	C	C	A	A	G	G	C	C	T	T	T	T	A	A	C	C	A	A	A	A	G	G	A	A	C	C	G	G	G	G	T	T	G	G	G	G	T	T	A	A	T	T	A	A	G	G	A	A	A	A	0	0	C	C	A	A	G	G	A	A	C	C	C	C	A	A	A	A	G	G	T	T	G	G	G	G	G	G	T	T	A	A	T	T	A	A	A	A	T	T	T	T	T	T	A	A	G	C	G	G	C	C	T	T	0	0	A	A	C	C	G	G	T	T	C	C	T	T	C	C	G	G	G	G	C	C	T	T	G	G	T	G	C	C	G	G	T	T	C	C	G	G	A	A	A	A	G	G	C	C	T	T	A	A	A	A	C	C	T	T	C	C	A	A
A07-62	C	C	A	A	A	A	C	C	T	T	A	A	C	C	T	T	C	C	A	A	0	0	C	C	T	T	T	T	A	A	C	C	A	A	A	A	G	G	A	A	C	C	G	G	G	G	T	T	G	G	G	G	T	T	A	A	T	T	A	A	G	G	A	A	A	A	0	0	C	C	A	A	G	G	A	A	C	C	C	C	A	A	A	A	G	G	T	T	G	G	G	G	G	G	T	T	A	A	T	T	A	A	A	A	T	T	T	T	T	T	A	A	G	C	G	G	C	C	T	T	0	0	A	A	C	C	G	G	T	T	C	C	T	T	C	C	G	G	G	G	C	C	T	T	G	G	G	G	C	C	G	G	T	T	C	C	G	G	A	A	A	A	G	G	C	C	T	T	A	A	A	A	C	C	T	T	C	C	A	A
A07-94	C	C	A	A	A	A	C	C	T	T	A	A	C	C	T	T	C	C	A	A	G	G	C	C	T	T	T	T	A	A	C	C	A	A	A	A	G	G	A	A	C	C	G	G	G	G	T	T	G	G	G	G	T	T	A	A	T	T	A	A	G	G	A	A	A	A	0	0	C	C	A	A	G	G	A	A	C	C	C	C	A	A	A	A	G	G	T	T	G	G	G	G	G	G	T	T	A	A	T	T	A	A	A	A	T	T	T	T	T	T	A	A	G	C	G	G	C	C	T	T	0	0	A	A	0	0	G	G	T	T	C	C	T	T	C	C	G	G	G	G	C	C	T	T	G	G	G	G	C	C	G	G	T	T	C	C	G	G	A	A	A	A	G	G	C	C	T	T	A	A	A	A	C	C	T	T	C	C	A	A
A09-07	C	C	A	A	A	A	C	C	T	T	A	A	C	C	T	T	C	C	A	A	0	0	C	C	T	T	T	T	A	A	C	C	A	A	A	A	G	G	A	A	C	C	G	G	G	G	T	T	G	G	G	G	T	T	A	A	T	T	A	A	G	G	A	A	A	A	0	0	C	C	A	A	G	G	A	A	C	C	C	C	A	A	A	A	G	G	T	T	G	G	G	G	G	G	T	T	A	A	T	T	A	A	A	A	T	T	T	T	T	T	A	A	G	C	G	G	C	C	T	T	0	0	A	A	C	C	G	G	T	T	C	C	T	T	C	C	G	G	G	G	C	C	T	T	G	G	G	G	C	C	G	G	T	T	C	C	G	G	A	A	A	A	G	G	C	C	T	T	A	A	A	A	C	C	T	T	C	C	A	A
A09-17	C	C	A	A	A	A	C	C	T	T	A	A	C	C	T	T	C	C	A	A	G	G	C	C	T	T	T	T	A	A	C	C	A	A	A	A	G	G	A	A	C	C	G	G	G	G	T	T	G	G	G	G	T	T	A	A	T	T	A	A	G	G	A	A	A	A	0	0	C	C	A	A	G	G	A	A	C	C	C	C	A	A	A	A	G	G	T	T	G	G	G	G	G	G	T	T	A	A	T	T	A	A	A	A	T	T	T	T	T	T	A	A	G	C	G	G	C	C	T	T	0	0	A	A	C	C	G	G	T	T	C	C	T	T	C	C	G	G	G	G	C	C	T	T	G	G	G	G	C	C	G	G	T	T	C	C	G	G	A	A	A	A	G	G	C	C	T	T	A	A	A	A	C	C	T	T	C	C	A	A
A10-19	C	C	A	A	A	A	C	C	T	T	A	A	C	C	T	T	C	C	A	A	G	G	C	C	T	T	T	T	A	A	C	C	A	A	A	A	G	G	A	A	C	C	G	G	G	G	T	T	G	G	G	G	T	T	A	A	T	T	A	A	0	0	A	A	A	A	0	0	C	C	A	A	G	G	A	A	C	C	C	C	A	A	A	A	G	G	T	T	G	G	G	G	G	G	T	T	A	A	T	T	A	A	A	A	T	T	T	T	T	T	A	A	G	C	G	G	C	C	T	T	0	0	A	A	C	C	G	G	T	T	C	C	T	T	C	C	G	G	G	G	C	C	T	T	G	G	G	G	C	C	G	G	T	T	C	C	G	G	A	A	A	A	G	G	C	C	T	T	A	A	A	A	C	C	T	T	C	C	A	A
A10-69	C	C	A	A	A	A	C	C	T	T	A	A	C	C	T	T	C	C	A	A	G	G	C	C	T	T	T	T	A	A	C	C	A	A	A	A	G	G	A	A	C	C	G	G	G	G	T	T	G	G	G	G	T	T	A	A	T	T	A	A	G	G	A	A	A	A	0	0	C	C	A	A	G	G	A	A	C	C	C	C	A	A	A	A	G	G	T	T	G	G	G	G	G	G	T	T	A	A	T	T	A	A	A	A	T	T	T	T	T	T	A	A	G	C	G	G	C	C	T	T	0	0	A	A	C	C	G	G	T	T	C	C	T	T	C	C	G	G	G	G	C	C	T	T	G	G	G	G	C	C	G	G	T	T	C	C	G	G	A	A	A	A	G	G	C	C	T	T	A	A	A	A	C	C	T	T	C	C	A	A
E28-40	G	G	G	G	C	C	T	T	C	C	G	G	T	T	0	0	T	T	G	G	0	0	T	T	G	G	C	C	C	C	T	T	G	G	G	G	C	C	T	T	C	C	G	G	C	C	0	0	0	0	0	0	G	G	0	0	A	A	G	G	A	A	T	T	G	G	T	T	G	G	G	G	T	T	G	G	C	A	T	T	T	T	G	G	T	T	A	A	A	A	A	A	C	C	C	C	C	C	C	C	T	T	T	T	C	C	C	C	A	A	T	T	C	C	A	A	T	T	C	C	A	A	G	G	C	C	A	A	G	G	A	A	C	C	T	T	A	A	C	C	T	T	A	A	A	A	T	T	0	0	A	A	C	C	T	T	A	A	0	0	T	T	T	T	T	T	C	C	T	T	C	C	A	A	T	T	A	A	G	G
E28-96	G	G	G	G	C	C	T	T	C	C	G	G	T	T	A	A	T	T	G	G	0	0	T	T	G	G	C	C	C	C	T	T	G	G	G	G	C	C	T	T	0	0	0	0	C	C	C	C	0	0	0	0	G	G	0	0	A	A	G	G	A	A	T	T	G	G	T	T	G	G	G	G	T	T	G	G	A	A	T	T	T	T	G	G	T	T	A	A	A	A	A	A	C	C	C	C	C	C	C	C	T	T	T	T	C	C	C	C	A	A	T	T	C	C	A	A	T	T	C	C	A	A	G	G	0	0	A	A	G	G	A	A	C	C	T	T	A	A	C	C	T	T	A	A	A	A	T	T	0	0	A	A	C	C	T	T	A	A	0	0	T	T	T	T	T	T	C	C	T	T	C	C	A	A	0	0	A	A	G	G
E31-03	G	G	G	G	C	C	T	T	C	C	G	G	T	T	A	A	T	T	G	G	0	0	T	T	G	G	C	C	C	C	T	T	G	G	G	G	C	C	T	T	0	0	0	0	C	C	C	C	0	0	0	0	G	G	0	0	A	A	G	G	A	A	T	T	G	G	T	T	G	G	G	G	T	T	G	G	A	A	T	T	T	T	G	G	T	T	A	A	A	A	A	A	C	C	C	C	C	C	C	C	T	T	T	T	C	C	C	C	A	A	T	T	C	C	A	A	T	T	C	C	A	A	G	G	0	0	A	A	G	G	A	A	C	C	T	T	A	A	C	C	T	T	A	A	A	A	T	T	0	0	A	A	C	C	T	T	A	A	0	0	T	T	T	T	T	T	C	C	T	T	C	C	A	A	0	0	A	A	G	G
E31-87	G	G	G	G	C	C	T	T	C	C	G	G	T	T	A	A	T	T	G	G	0	0	T	T	G	G	C	C	C	C	T	T	G	G	G	G	C	C	T	T	0	0	0	0	C	C	C	C	0	0	A	A	G	G	0	0	A	A	G	G	A	A	T	T	G	G	T	T	G	G	G	G	T	T	G	G	A	A	T	T	T	T	G	G	T	T	A	A	A	A	A	A	C	C	C	C	C	C	C	C	T	T	T	T	C	C	C	C	A	A	T	T	C	C	A	A	T	T	C	C	A	A	G	G	C	C	A	A	G	G	A	A	C	C	T	T	A	A	C	C	T	T	A	A	A	A	T	T	0	0	A	A	C	C	T	T	A	A	A	A	T	T	T	T	T	T	C	C	T	T	C	C	A	A	T	T	A	A	G	G
E41-26	G	G	G	G	C	C	T	T	C	C	G	G	T	T	A	A	T	T	G	G	0	0	T	T	G	G	C	C	C	C	T	T	G	G	G	G	C	C	T	T	0	0	G	G	C	C	T	C	0	0	A	A	G	G	0	0	A	A	G	G	A	A	T	T	G	G	T	T	G	G	G	G	T	T	G	G	A	A	T	T	T	T	G	G	T	T	A	A	A	A	A	A	C	C	C	C	C	C	C	C	T	T	T	T	C	C	C	C	A	A	T	T	C	C	A	A	T	T	C	C	A	A	G	G	C	C	A	A	G	G	A	A	C	C	T	T	A	A	C	C	T	T	A	A	A	A	T	T	0	0	A	A	C	C	T	T	A	A	0	0	T	T	T	T	0	0	C	C	T	T	C	C	A	A	0	0	A	A	G	G
E41-61	G	G	G	G	C	C	T	T	C	C	G	G	0	0	A	A	T	T	G	G	0	0	T	T	G	G	C	C	C	C	T	T	G	G	G	G	C	C	T	T	0	0	0	0	C	C	C	C	0	0	A	A	G	G	0	0	A	A	G	G	A	A	T	T	G	G	T	T	G	G	G	G	T	T	G	G	A	A	T	T	T	T	G	G	T	T	A	A	A	A	A	A	C	C	C	C	C	C	C	C	T	T	T	T	C	C	C	C	A	A	T	T	C	C	A	A	T	T	C	C	A	A	G	G	C	C	A	A	G	G	A	A	C	C	T	T	A	A	C	C	T	T	A	A	A	A	T	T	0	0	A	A	C	C	T	T	A	A	0	0	T	T	T	T	0	0	C	C	T	T	C	C	A	A	T	T	A	A	G	G
E96-07	G	G	G	G	C	C	T	T	C	C	G	G	T	T	0	0	T	T	G	G	0	0	T	T	G	G	C	C	C	C	T	T	G	G	G	G	C	C	T	T	0	0	0	0	C	C	0	0	0	0	0	0	G	G	0	0	A	A	G	G	A	A	T	T	G	G	T	T	G	G	G	G	T	T	G	G	C	A	T	T	T	T	G	G	T	T	A	A	A	A	A	A	C	C	C	C	C	C	C	C	T	T	T	T	C	C	C	C	A	A	T	T	C	C	A	A	T	T	C	C	A	A	G	G	0	0	A	A	G	G	A	A	C	C	T	T	A	A	0	0	T	T	A	A	A	A	T	T	0	0	A	A	C	C	T	T	A	A	0	0	T	T	T	T	T	T	C	C	T	T	C	C	A	A	0	0	A	A	G	G
E96-56	G	G	G	G	C	C	T	T	C	C	G	G	T	T	A	A	T	T	0	0	0	0	T	T	G	G	C	C	C	C	T	T	G	G	G	G	C	C	T	T	0	0	0	0	C	C	C	C	0	0	0	0	G	G	0	0	A	A	G	G	A	A	T	T	G	G	T	T	G	G	G	G	T	T	G	G	A	A	T	T	T	T	G	G	T	T	A	A	A	A	A	A	C	C	C	C	C	C	C	C	T	T	T	T	C	C	C	C	A	A	T	T	C	C	A	A	T	T	C	C	A	A	G	G	0	0	A	A	G	G	A	A	C	C	T	T	A	A	C	C	T	T	A	A	A	A	T	T	0	0	A	A	C	C	T	T	A	A	A	A	T	T	T	T	0	0	C	C	T	T	C	C	A	A	0	0	A	A	G	G
IDE_01	G	G	G	G	C	C	T	T	C	C	G	G	T	T	A	A	T	T	G	G	0	0	T	T	G	G	C	C	C	C	T	T	G	G	G	G	C	C	T	T	0	0	A	A	C	C	C	C	0	0	A	A	G	G	0	0	A	A	G	G	A	A	T	T	G	G	T	T	G	G	G	G	T	T	G	G	A	A	T	T	T	T	G	G	T	T	A	A	A	A	A	A	C	C	C	C	C	C	C	C	T	T	T	T	C	C	C	C	A	A	T	T	C	C	A	A	T	T	C	C	A	A	G	G	0	0	A	A	G	G	A	A	C	C	T	T	A	A	C	C	T	T	A	A	A	A	T	T	0	0	A	A	C	C	T	T	A	A	0	0	T	T	T	T	T	T	C	C	T	T	C	C	C	C	0	0	A	A	G	G
IDE_07	G	G	0	0	0	0	0	0	C	C	G	G	0	0	0	0	T	T	0	0	0	0	T	T	0	0	0	0	C	C	0	0	G	G	0	0	C	C	T	T	0	0	0	0	0	0	0	0	0	0	0	0	0	0	0	0	0	0	G	G	A	A	T	T	0	0	T	T	0	0	0	0	T	T	G	G	0	0	T	T	T	T	0	0	T	T	0	0	0	0	0	0	C	C	C	C	0	0	C	C	0	0	T	T	0	0	0	0	0	0	T	T	C	C	A	A	T	T	0	0	A	A	G	G	0	0	A	A	0	0	0	0	0	0	T	T	A	A	0	0	0	0	A	A	A	A	T	T	0	0	A	A	C	C	T	T	0	0	0	0	T	T	0	0	0	0	0	0	0	0	C	C	A	A	0	0	C	C	0	0
IDE_08	0	0	0	0	0	0	0	0	C	C	G	G	0	0	0	0	T	T	0	0	0	0	T	T	G	G	C	C	C	C	0	0	G	G	G	G	C	C	T	T	0	0	0	0	0	0	0	0	0	0	0	0	G	G	0	0	A	A	G	G	A	A	T	T	G	G	T	T	G	G	G	G	T	T	G	G	0	0	T	T	T	T	G	G	T	T	0	0	0	0	A	A	C	C	C	C	C	C	C	C	T	T	T	T	C	C	0	0	0	0	T	T	C	C	A	A	0	0	C	C	A	A	G	G	0	0	A	A	G	G	0	0	0	0	T	C	A	A	0	0	T	T	A	A	A	A	T	T	0	0	A	A	C	C	T	T	0	0	0	0	T	T	T	T	0	0	0	0	0	0	C	C	C	C	0	0	A	A	G	G
IDE_10	G	G	G	G	C	C	T	T	C	C	G	G	0	0	A	A	T	T	G	G	0	0	T	T	G	G	C	C	C	C	T	T	G	G	G	G	C	C	T	T	0	0	0	0	C	C	C	C	0	0	0	0	G	G	0	0	A	A	G	G	A	A	T	T	G	G	T	T	G	G	G	G	T	T	G	G	A	A	T	T	T	T	G	G	T	T	A	A	A	A	A	A	C	C	C	C	C	C	C	C	T	T	T	T	C	C	C	C	A	A	T	T	C	C	A	A	T	T	C	C	A	A	G	G	0	0	A	A	G	G	A	A	C	C	T	T	A	A	C	C	T	T	A	A	A	A	T	T	0	0	A	A	C	C	T	T	0	0	0	0	T	T	T	T	T	T	C	C	T	T	C	C	C	C	0	0	A	A	G	G
IDE_11	G	G	G	G	C	C	T	T	C	C	G	G	0	0	A	A	T	T	0	0	0	0	T	T	G	G	C	C	C	C	T	T	G	G	G	G	C	C	T	T	0	0	0	0	0	0	0	0	0	0	0	0	G	G	0	0	A	A	G	G	0	0	T	T	G	G	T	T	G	G	G	G	T	T	G	G	A	A	T	T	T	T	0	0	T	T	A	A	A	A	A	A	C	C	C	C	C	C	C	C	T	T	T	T	C	C	0	0	A	A	T	T	C	C	A	A	T	T	C	C	A	A	G	G	0	0	A	A	G	G	0	0	C	C	T	T	A	A	C	C	T	T	0	0	A	A	T	T	0	0	A	A	C	C	T	T	A	A	0	0	T	T	T	T	0	0	C	C	T	T	C	C	A	A	0	0	C	C	0	0
IDE_12	G	G	G	G	C	C	T	T	C	C	G	G	T	T	A	A	T	T	G	G	0	0	T	T	G	G	C	C	C	C	T	T	G	G	G	G	C	C	T	T	0	0	A	A	C	C	C	C	0	0	A	A	G	G	0	0	A	A	G	G	A	A	T	T	G	G	T	T	G	G	G	G	T	T	G	G	A	A	T	T	T	T	G	G	T	T	A	A	A	A	A	A	C	C	C	C	C	C	C	C	T	T	T	T	C	C	C	C	A	A	T	T	C	C	A	A	T	T	0	0	A	A	G	G	C	C	A	A	G	G	A	A	C	C	T	T	A	A	C	C	T	T	A	A	A	A	T	T	0	0	A	A	C	C	T	T	A	A	0	0	T	T	T	T	T	T	C	C	T	T	C	C	A	A	0	0	C	C	G	A
IDE_14	0	0	0	0	0	0	0	0	C	C	G	G	0	0	0	0	T	T	0	0	0	0	T	T	0	0	0	0	0	0	0	0	0	0	0	0	0	0	T	T	0	0	0	0	0	0	0	0	0	0	0	0	0	0	0	0	0	0	G	G	A	A	0	0	G	G	T	T	G	G	0	0	T	T	G	G	0	0	T	T	T	T	G	G	T	T	0	0	A	A	0	0	C	C	C	C	0	0	0	0	0	0	T	T	0	0	0	0	0	0	T	T	C	C	A	A	T	T	0	0	A	A	0	0	0	0	A	A	G	G	0	0	0	0	T	T	A	A	0	0	0	0	A	A	A	A	0	0	0	0	A	A	C	C	T	T	A	A	0	0	T	T	0	0	0	0	0	0	0	0	0	0	0	0	0	0	0	0	0	0
IDE_16	G	G	G	G	C	C	T	T	C	C	G	G	T	T	A	A	T	T	G	G	0	0	T	T	G	G	C	C	C	C	T	T	G	G	G	G	C	C	T	T	0	0	A	A	C	C	C	C	0	0	A	A	G	G	0	0	A	A	G	G	A	A	T	T	G	G	T	T	G	G	G	G	T	T	G	G	A	A	T	T	T	T	G	G	T	T	A	A	A	A	A	A	C	C	C	C	C	C	C	C	T	T	T	T	C	C	C	C	A	A	T	T	C	C	A	A	T	T	C	C	A	A	G	G	0	0	A	A	G	G	A	A	C	C	T	T	A	A	C	C	T	T	A	A	A	A	T	T	0	0	A	A	C	C	T	T	A	A	0	0	T	T	T	T	T	T	C	C	T	T	C	C	C	C	0	0	A	A	G	G
IDE_17	0	0	0	0	0	0	0	0	C	C	G	G	0	0	0	0	T	T	0	0	0	0	0	0	0	0	C	C	C	C	0	0	0	0	0	0	C	C	T	T	0	0	0	0	0	0	0	0	0	0	0	0	0	0	0	0	0	0	G	G	0	0	T	T	0	0	T	T	0	0	0	0	T	T	G	G	0	0	0	0	T	T	0	0	T	T	0	0	A	A	A	A	C	C	C	C	C	C	C	C	0	0	T	T	C	C	0	0	0	0	T	T	C	C	A	A	T	T	0	0	A	A	0	0	0	0	A	A	G	G	0	0	0	0	T	T	A	A	C	C	0	0	A	A	A	A	T	T	0	0	A	A	C	C	T	T	0	0	0	0	T	T	0	0	0	0	0	0	0	0	0	0	C	C	0	0	0	0	G	G
IDE_18	0	0	0	0	0	0	0	0	C	C	G	G	0	0	A	A	T	T	0	0	0	0	0	0	0	0	0	0	C	C	0	0	0	0	0	0	C	C	T	T	0	0	0	0	0	0	0	0	0	0	0	0	0	0	0	0	0	0	G	G	A	A	T	T	G	G	T	T	0	0	0	0	T	T	G	G	0	0	0	0	T	T	G	G	T	T	0	0	A	A	0	0	C	C	C	C	0	0	C	C	0	0	T	T	0	0	0	0	0	0	T	T	C	C	A	A	T	T	0	0	A	A	0	0	0	0	A	A	G	G	0	0	0	0	T	T	A	A	C	C	0	0	A	A	A	A	T	T	0	0	A	A	C	C	T	T	0	0	0	0	T	T	0	0	0	0	0	0	0	0	0	0	A	A	0	0	0	0	0	0
IDE_20	G	G	G	G	C	C	T	T	C	C	G	G	T	T	A	A	T	T	0	0	0	0	T	T	G	G	C	C	C	C	T	T	0	0	G	G	C	C	T	T	0	0	0	0	0	0	0	0	0	0	0	0	0	0	0	0	A	A	G	G	A	A	T	T	G	G	T	T	G	G	G	G	T	T	G	G	A	A	T	T	T	T	0	0	T	T	A	A	A	A	A	A	C	C	C	C	0	0	C	C	T	T	T	T	C	C	C	C	A	A	T	T	C	C	A	A	T	T	C	C	A	A	G	G	0	0	A	A	G	G	A	A	C	C	T	T	A	A	C	C	T	T	A	A	A	A	T	T	0	0	A	A	C	C	T	T	A	A	0	0	T	T	T	T	T	T	C	C	T	T	C	C	C	C	0	0	A	A	G	G
IDE_21	G	G	G	G	C	C	T	T	C	C	G	G	T	T	A	A	T	T	G	G	0	0	T	T	G	G	C	C	C	C	T	T	G	G	G	G	C	C	T	T	0	0	0	0	C	C	C	C	0	0	A	A	G	G	0	0	A	A	G	G	A	A	T	T	G	G	T	T	G	G	G	G	T	T	G	G	A	A	T	T	T	T	G	G	T	T	A	A	A	A	A	A	C	C	C	C	C	C	C	C	T	T	T	T	C	C	C	C	A	A	T	T	C	C	A	A	T	T	C	C	A	A	G	G	0	0	A	A	G	G	A	A	C	C	T	T	A	A	C	C	T	T	A	A	A	A	T	T	0	0	A	A	C	C	T	T	A	A	0	0	T	T	T	T	T	T	C	C	T	T	C	C	A	A	0	0	C	C	A	A
IDE_22	G	G	G	G	C	C	T	T	C	C	G	G	T	T	A	A	T	T	G	G	0	0	T	T	G	G	C	C	C	C	T	T	G	G	G	G	C	C	T	T	0	0	A	A	C	C	C	C	0	0	A	A	G	G	0	0	A	A	G	G	A	A	T	T	G	G	T	T	G	G	G	G	T	T	G	G	A	A	T	T	T	T	G	G	T	T	A	A	A	A	A	A	C	C	C	C	C	C	C	C	T	T	T	T	C	C	C	C	A	A	T	T	C	C	A	A	T	T	C	C	A	A	G	G	0	0	A	A	G	G	A	A	C	C	T	T	A	A	C	C	T	T	A	A	A	A	T	T	0	0	A	A	C	C	T	T	A	A	0	0	T	T	T	T	T	T	C	C	T	T	C	C	C	C	0	0	A	A	G	G
IDE_23	G	G	G	G	C	C	T	T	C	C	G	G	T	T	A	A	T	T	G	G	0	0	T	T	G	G	C	C	C	C	T	T	G	G	G	G	C	C	T	T	0	0	0	0	C	C	C	C	0	0	0	0	G	G	0	0	A	A	G	G	A	A	T	T	G	G	T	T	G	G	G	G	T	T	G	G	A	A	T	T	T	T	G	G	T	T	A	A	A	A	A	A	C	C	C	C	C	C	C	C	T	T	T	T	C	C	C	C	A	A	T	T	C	C	A	A	T	T	C	C	A	A	G	G	0	0	A	A	G	G	A	A	C	C	T	T	A	A	C	C	T	T	A	A	A	A	T	T	0	0	A	A	C	C	T	T	A	A	0	0	T	T	T	T	T	T	C	C	T	T	C	C	C	C	0	0	A	A	G	G
IDE_24	G	G	G	G	C	C	T	T	C	C	G	G	T	T	A	A	T	T	G	G	0	0	T	T	G	G	C	C	C	C	T	T	G	G	G	G	C	C	T	T	A	A	0	0	C	C	0	0	0	0	0	0	G	G	0	0	A	A	G	G	A	A	T	T	G	G	T	T	G	G	G	G	T	T	G	G	A	A	T	T	T	T	G	G	T	T	A	A	A	A	A	A	C	C	C	C	C	C	C	C	T	T	T	T	C	C	C	C	A	A	T	T	C	C	A	A	T	T	C	C	A	A	G	G	0	0	A	A	G	G	A	A	C	C	T	T	A	A	C	C	T	T	A	A	A	A	T	T	0	0	A	A	C	C	T	T	A	A	0	0	T	T	T	T	T	T	C	C	T	T	C	C	C	C	0	0	A	A	G	G
IDE_25	G	G	G	G	C	C	T	T	C	C	G	G	T	T	0	0	T	T	G	G	0	0	T	T	G	G	C	C	C	C	T	T	G	G	G	G	C	C	T	T	0	0	0	0	C	C	0	0	0	0	0	0	G	G	0	0	A	A	G	G	A	A	T	T	G	G	T	T	G	G	G	G	T	T	G	G	A	A	T	T	T	T	G	G	T	T	A	A	A	A	A	A	C	C	C	C	C	C	C	C	T	T	T	T	C	C	C	C	A	A	T	T	C	C	A	A	T	T	C	C	A	A	G	G	0	0	A	A	G	G	A	A	C	C	T	T	A	A	C	C	T	T	A	A	A	A	T	T	0	0	A	A	C	C	T	T	A	A	0	0	T	T	T	T	T	T	C	C	T	T	C	C	C	C	0	0	A	A	G	G
IDE_26	G	G	G	G	C	C	T	T	C	C	G	G	T	T	A	A	T	T	G	G	0	0	T	T	G	G	C	C	C	C	T	T	G	G	G	G	C	C	T	T	0	0	A	A	C	C	C	C	0	0	A	A	G	G	0	0	A	A	G	G	A	A	T	T	G	G	T	T	G	G	G	G	T	T	G	G	A	A	T	T	T	T	G	G	T	T	A	A	A	A	A	A	C	C	C	C	C	C	C	C	T	T	T	T	C	C	C	C	A	A	T	T	C	C	A	A	T	T	C	C	A	A	G	G	0	0	A	A	G	G	A	A	C	C	T	T	A	A	C	C	T	T	A	A	A	A	T	T	0	0	A	A	C	C	T	T	A	A	0	0	T	T	T	T	T	T	C	C	T	T	C	C	C	C	0	0	A	A	G	G
IDE_27	G	G	G	G	C	C	T	T	C	C	G	G	T	T	0	0	T	T	G	G	0	0	T	T	G	G	C	C	C	C	T	T	G	G	G	G	C	C	T	T	0	0	0	0	C	C	C	C	0	0	A	A	G	G	0	0	A	A	G	G	A	A	T	T	G	G	T	T	G	G	G	G	T	T	G	G	A	A	T	T	T	T	G	G	T	T	A	A	A	A	A	A	C	C	C	C	C	C	C	C	T	T	T	T	C	C	C	C	A	A	T	T	C	C	A	A	T	T	C	C	A	A	G	G	0	0	A	A	G	G	A	A	C	C	T	T	A	A	C	C	T	T	A	A	A	A	T	T	0	0	A	A	C	C	T	T	A	A	0	0	T	T	T	T	T	T	C	C	T	T	C	C	C	C	0	0	A	A	G	G
IDE_28	G	G	G	G	C	C	T	T	C	C	G	G	T	T	A	A	T	T	G	G	0	0	T	T	G	G	C	C	C	C	T	T	G	G	G	G	C	C	T	T	0	0	A	A	C	C	C	C	0	0	A	A	G	G	0	0	A	A	G	G	A	A	T	T	G	G	T	T	G	G	G	G	T	T	G	G	A	A	T	T	T	T	G	G	T	T	A	A	A	A	A	A	C	C	C	C	C	C	C	C	T	T	T	T	C	C	C	C	A	A	T	T	C	C	A	A	T	T	C	C	A	A	G	G	0	0	A	A	G	G	A	A	C	C	T	T	A	A	C	C	T	T	A	A	A	A	T	T	0	0	A	A	C	C	T	T	A	A	0	0	T	T	T	T	T	T	C	C	T	T	C	C	C	C	0	0	A	A	G	G
IDE_29	G	G	G	G	C	C	T	T	C	C	G	G	T	T	A	A	T	T	0	0	0	0	T	T	G	G	C	C	C	C	T	T	G	G	G	G	C	C	T	T	0	0	0	0	C	C	0	0	0	0	0	0	G	G	0	0	A	A	G	G	0	0	T	T	G	G	T	T	0	0	G	G	T	T	G	G	A	A	T	T	T	T	G	G	T	T	0	0	A	A	A	A	C	C	C	C	C	C	C	C	T	T	T	T	C	C	C	C	A	A	T	T	C	C	A	A	T	T	C	C	A	A	G	G	0	0	A	A	G	G	A	A	C	C	T	T	A	A	C	C	T	T	A	A	A	A	T	T	0	0	A	A	C	C	T	T	A	A	0	0	T	T	T	T	T	T	C	C	T	T	C	C	C	C	0	0	A	A	G	G
IDE_30	G	G	G	G	C	C	T	T	C	C	G	G	T	T	A	A	T	T	G	G	0	0	T	T	G	G	C	C	C	C	T	T	G	G	G	G	C	C	T	T	0	0	A	A	C	C	C	C	0	0	0	0	G	G	0	0	A	A	G	G	A	A	T	T	G	G	T	T	G	G	G	G	T	T	G	G	A	A	T	T	T	T	0	0	T	T	A	A	A	A	A	A	C	C	C	C	C	C	C	C	T	T	T	T	C	C	C	C	A	A	T	T	C	C	A	A	T	T	C	C	A	A	G	G	0	0	A	A	G	G	A	A	C	C	T	T	A	A	C	C	T	T	A	A	A	A	0	0	0	0	A	A	C	C	T	T	A	A	0	0	T	T	T	T	T	T	C	C	T	T	C	C	C	C	0	0	A	A	G	G
IDE_31	G	G	G	G	C	C	T	T	C	C	G	G	T	T	A	A	T	T	G	G	0	0	T	T	G	G	C	C	C	C	T	T	G	G	G	G	C	C	T	T	0	0	0	0	0	0	0	0	0	0	0	0	G	G	0	0	A	A	G	G	A	A	T	T	G	G	T	T	G	G	G	G	T	T	G	G	A	A	T	T	T	T	G	G	T	T	A	A	A	A	A	A	C	C	C	C	C	C	C	C	T	T	T	T	C	C	C	C	A	A	T	T	C	C	A	A	T	T	C	C	A	A	G	G	0	0	A	A	G	G	A	A	C	C	T	T	A	A	C	C	T	T	A	A	A	A	T	T	0	0	A	A	C	C	T	T	A	A	0	0	T	T	T	T	T	T	C	C	T	T	C	C	C	C	0	0	A	A	G	G
IDE_32	G	G	G	G	C	C	T	T	C	C	G	G	T	T	A	A	T	T	0	0	0	0	T	T	G	G	C	C	C	C	T	T	0	0	G	G	C	C	T	T	0	0	0	0	C	C	0	0	0	0	0	0	G	G	0	0	A	A	G	G	A	A	T	T	G	G	T	T	G	G	G	G	T	T	G	G	A	A	T	T	T	T	0	0	T	T	A	A	A	A	A	A	C	C	C	C	C	C	C	C	T	T	T	T	C	C	C	C	A	A	T	T	C	C	A	A	T	T	C	C	A	A	G	G	0	0	A	A	G	G	A	A	C	C	T	T	A	A	C	C	T	T	A	A	A	A	T	T	0	0	A	A	C	C	T	T	A	A	0	0	T	T	T	T	T	T	C	C	T	T	C	C	C	C	0	0	A	A	G	G
IDE_33	G	G	G	G	C	C	T	T	C	C	G	G	T	T	A	A	T	T	0	0	0	0	T	T	G	G	C	C	C	C	T	T	G	G	G	G	C	C	T	T	0	0	0	0	C	C	0	0	0	0	0	0	G	G	0	0	A	A	G	G	A	A	T	T	G	G	T	T	G	G	G	G	T	T	G	G	A	A	T	T	T	T	G	G	T	T	A	A	A	A	A	A	C	C	C	C	C	C	C	C	T	T	T	T	C	C	C	C	A	A	T	T	C	C	A	A	T	T	C	C	A	A	G	G	0	0	A	A	G	G	A	A	C	C	T	T	A	A	C	C	T	T	A	A	A	A	T	T	0	0	A	A	C	C	T	T	A	A	0	0	T	T	T	T	T	T	C	C	T	T	C	C	C	C	0	0	A	A	G	G
IDE_34	G	G	G	G	C	C	T	T	C	C	G	G	T	T	A	A	T	T	G	G	0	0	T	T	G	G	C	C	C	C	T	T	G	G	G	G	C	C	T	T	0	0	A	A	C	C	C	C	0	0	A	A	G	G	0	0	A	A	G	G	A	A	T	T	G	G	T	T	G	G	G	G	T	T	G	G	A	A	T	T	T	T	0	0	T	T	A	A	A	A	A	A	C	C	C	C	C	C	C	C	T	T	T	T	C	C	C	C	A	A	T	T	C	C	A	A	T	T	C	C	A	A	G	G	0	0	A	A	G	G	A	A	C	C	T	T	A	A	C	C	T	T	A	A	A	A	T	T	0	0	A	A	C	C	T	T	A	A	0	0	T	T	T	T	T	T	C	C	T	T	C	C	C	C	0	0	A	A	G	G
IDE_35	G	G	G	G	C	C	T	T	C	C	G	G	0	0	A	A	T	T	0	0	0	0	T	T	G	G	C	C	C	C	T	T	G	G	G	G	C	C	T	T	0	0	0	0	0	0	0	0	0	0	0	0	G	G	0	0	A	A	G	G	A	A	T	T	G	G	T	T	G	G	G	G	T	T	G	G	A	A	T	T	T	T	G	G	T	T	A	A	A	A	A	A	C	C	C	C	C	C	C	C	T	T	T	T	C	C	0	0	A	A	T	T	C	C	A	A	T	T	C	C	A	A	G	G	0	0	A	A	G	G	A	A	C	C	T	T	A	A	C	C	T	T	A	A	A	A	T	T	0	0	A	A	C	C	T	T	A	A	0	0	T	T	T	T	0	0	C	C	T	T	C	C	A	A	0	0	C	C	0	0
IDE_36	G	G	G	G	C	C	T	T	C	C	G	G	T	T	A	A	T	T	G	G	0	0	T	T	G	G	C	C	C	C	T	T	G	G	G	G	C	C	T	T	0	0	A	A	C	C	C	C	0	0	A	A	G	G	0	0	A	A	G	G	A	A	T	T	G	G	T	T	G	G	G	G	T	T	G	G	A	A	T	T	T	T	0	0	T	T	A	A	A	A	A	A	C	C	C	C	C	C	C	C	T	T	T	T	C	C	C	C	A	A	T	T	C	C	A	A	T	T	C	C	A	A	G	G	0	0	A	A	G	G	A	A	C	C	T	T	A	A	C	C	T	T	A	A	A	A	T	T	0	0	A	A	C	C	T	T	A	A	0	0	T	T	T	T	T	T	C	C	T	T	C	C	C	C	0	0	A	A	G	G
IDE_37	G	G	G	G	C	C	T	T	C	C	G	G	T	T	A	A	T	T	0	0	0	0	T	T	G	G	C	C	C	C	T	T	G	G	G	G	C	C	T	T	0	0	0	0	C	C	0	0	0	0	0	0	G	G	0	0	A	A	G	G	A	A	T	T	G	G	T	T	G	G	G	G	T	T	G	G	A	A	T	T	T	T	0	0	T	T	A	A	A	A	A	A	C	C	C	C	C	C	C	C	T	T	T	T	0	0	C	C	A	A	T	T	C	C	A	A	T	T	C	C	A	A	G	G	0	0	A	A	G	G	A	A	C	C	T	T	A	A	C	C	T	T	A	A	A	A	T	T	0	0	A	A	C	C	T	T	A	A	0	0	T	T	T	T	T	T	C	C	T	T	C	C	C	C	0	0	A	A	G	G
IDE_38	G	G	G	G	C	C	T	T	C	C	G	G	T	T	0	0	T	T	G	G	0	0	T	T	G	G	C	C	C	C	T	T	G	G	G	G	C	C	T	T	0	0	0	0	C	C	C	C	0	0	0	0	G	G	0	0	A	A	G	G	A	A	T	T	G	G	T	T	G	G	G	G	T	T	G	G	A	A	T	T	T	T	G	G	T	T	A	A	A	A	A	A	C	C	C	C	C	C	C	C	T	T	T	T	C	C	C	C	A	A	T	T	C	C	A	A	T	T	C	C	A	A	G	G	0	0	A	A	G	G	A	A	C	C	T	T	A	A	C	C	T	T	A	A	A	A	T	T	0	0	A	A	C	C	T	T	A	A	0	0	T	T	T	T	T	T	C	C	T	T	C	C	C	C	0	0	A	A	G	G
IDE_39	G	G	G	G	C	C	T	T	C	C	G	G	T	T	A	A	T	T	G	G	0	0	T	T	G	G	C	C	C	C	T	T	G	G	G	G	C	C	T	T	0	0	A	A	C	C	C	C	0	0	0	0	G	G	0	0	A	A	G	G	A	A	T	T	G	G	T	T	G	G	G	G	T	T	G	G	A	A	T	T	T	T	G	G	T	T	A	A	A	A	A	A	C	C	C	C	C	C	C	C	T	T	T	T	C	C	C	C	A	A	T	T	C	C	A	A	T	T	C	C	A	A	G	G	0	0	A	A	G	G	A	A	C	C	T	T	A	A	C	C	T	T	A	A	A	A	T	T	0	0	A	A	C	C	T	T	A	A	0	0	T	T	T	T	T	T	C	C	T	T	C	C	C	C	0	0	A	A	G	G
IDE_40	G	G	G	G	C	C	T	T	C	C	G	G	T	T	A	A	T	T	G	G	0	0	T	T	G	G	C	C	C	C	T	T	G	G	G	G	C	C	T	T	0	0	0	0	0	0	0	0	0	0	0	0	G	G	0	0	A	A	G	G	A	A	T	T	G	G	T	T	G	G	G	G	T	T	G	G	A	A	T	T	T	T	G	G	T	T	A	A	A	A	A	A	C	C	C	C	C	C	C	C	T	T	T	T	C	C	C	C	A	A	T	T	C	C	A	A	T	T	C	C	A	A	G	G	0	0	A	A	G	G	A	A	C	C	T	T	A	A	C	C	T	T	A	A	A	A	T	T	0	0	A	A	C	C	T	T	A	A	0	0	T	T	T	T	T	T	C	C	T	T	C	C	A	A	0	0	C	C	A	A
IDE_41	G	G	G	G	C	C	T	T	C	C	G	G	T	T	A	A	T	T	G	G	0	0	T	T	G	G	C	C	C	C	T	T	G	G	G	G	C	C	T	T	0	0	A	A	C	C	C	C	0	0	A	A	G	G	0	0	A	A	G	G	A	A	T	T	G	G	T	T	G	G	G	G	T	T	G	G	A	A	T	T	T	T	G	G	T	T	A	A	A	A	A	A	C	C	C	C	C	C	C	C	T	T	T	T	C	C	C	C	A	A	T	T	C	C	A	A	T	T	C	C	A	A	G	G	0	0	A	A	G	G	A	A	C	C	T	T	A	A	C	C	T	T	A	A	A	A	T	T	0	0	A	A	C	C	T	T	A	A	0	0	T	T	T	T	T	T	C	C	T	T	C	C	C	C	0	0	A	A	G	G
IDE_42	G	G	G	G	C	C	T	T	C	C	G	G	T	T	A	A	T	T	G	G	0	0	T	T	G	G	C	C	C	C	T	T	G	G	G	G	C	C	T	T	0	0	0	0	C	C	C	C	0	0	0	0	G	G	0	0	A	A	G	G	A	A	T	T	G	G	T	T	G	G	G	G	T	T	G	G	A	A	T	T	T	T	G	G	T	T	A	A	A	A	A	A	C	C	C	C	C	C	C	C	T	T	T	T	C	C	C	C	A	A	T	T	C	C	A	A	T	T	C	C	A	A	G	G	0	0	A	A	G	G	A	A	C	C	T	T	A	A	C	C	T	T	A	A	A	A	T	T	0	0	A	A	C	C	T	T	A	A	0	0	T	T	T	T	T	T	C	C	T	T	C	C	A	A	0	0	C	C	A	A
IDE_45	G	G	G	G	C	C	T	T	C	C	G	G	T	T	A	A	T	T	G	G	0	0	T	T	G	G	C	C	C	C	T	T	G	G	G	G	C	C	T	T	0	0	A	A	C	C	C	C	0	0	A	A	G	G	0	0	A	A	G	G	A	A	T	T	G	G	T	T	G	G	G	G	T	T	G	G	A	A	T	T	T	T	G	G	T	T	A	A	A	A	A	A	C	C	C	C	C	C	C	C	T	T	T	T	C	C	C	C	A	A	T	T	C	C	A	A	T	T	C	C	A	A	G	G	0	0	A	A	G	G	A	A	C	C	T	T	A	A	C	C	T	T	A	A	A	A	T	T	0	0	A	A	C	C	T	T	A	A	0	0	T	T	T	T	T	T	C	C	T	T	C	C	C	C	0	0	A	A	G	G
IDE_46	G	G	G	G	C	C	T	T	C	C	G	G	T	T	A	A	T	T	G	G	0	0	T	T	G	G	C	C	C	C	T	T	G	G	G	G	C	C	T	T	0	0	0	0	C	C	0	0	0	0	0	0	G	G	0	0	A	A	G	G	A	A	T	T	G	G	T	T	G	G	G	G	T	T	G	G	A	A	T	T	T	T	G	G	T	T	A	A	A	A	A	A	C	C	C	C	C	C	C	C	T	T	T	T	C	C	C	C	A	A	T	T	C	C	A	A	T	T	C	C	A	A	G	G	0	0	A	A	G	G	A	A	C	C	T	T	A	A	C	C	T	T	A	A	A	A	T	T	0	0	A	A	C	C	T	T	A	A	0	0	T	T	T	T	T	T	C	C	T	T	C	C	C	C	0	0	A	A	G	G
IDE_47	G	G	G	G	C	C	T	T	C	C	G	G	T	T	A	A	T	T	G	G	0	0	T	T	G	G	C	C	C	C	T	T	G	G	G	G	C	C	0	0	0	0	0	0	C	C	0	0	0	0	0	0	G	G	0	0	A	A	G	G	A	A	T	T	G	G	T	T	G	G	G	G	T	T	G	G	A	A	T	T	T	T	G	G	T	T	0	0	A	A	A	A	C	C	C	C	C	C	C	C	T	T	T	T	C	C	C	C	A	A	T	T	C	C	A	A	T	T	C	C	A	A	G	G	0	0	A	A	G	G	A	A	C	C	T	T	A	A	C	C	T	T	A	A	A	A	T	T	0	0	A	A	C	C	T	T	A	A	0	0	T	T	T	T	T	T	C	C	T	T	C	C	A	A	0	0	C	C	A	A
IDE_48	G	G	G	G	C	C	T	T	C	C	G	G	T	T	0	0	T	T	G	G	0	0	T	T	G	G	C	C	C	C	T	T	G	G	G	G	C	C	T	T	0	0	0	0	C	C	C	C	0	0	0	0	G	G	0	0	A	A	G	G	A	A	T	T	G	G	T	T	G	G	G	G	T	T	G	G	A	A	T	T	T	T	G	G	T	T	A	A	A	A	A	A	C	C	C	C	C	C	C	C	T	T	T	T	C	C	C	C	A	A	T	T	C	C	A	A	T	T	C	C	A	A	G	G	0	0	A	A	G	G	A	A	C	C	T	T	A	A	C	C	T	T	A	A	A	A	T	T	0	0	A	A	C	C	T	T	A	A	0	0	T	T	T	T	T	T	C	C	T	T	C	C	C	C	0	0	A	A	G	G
IDE_49	G	G	G	G	C	C	T	T	C	C	G	G	T	T	A	A	T	T	0	0	0	0	T	T	G	G	C	C	C	C	T	T	G	G	G	G	C	C	T	T	0	0	0	0	0	0	C	C	0	0	0	0	G	G	0	0	A	A	G	G	A	A	T	T	G	G	T	T	G	G	G	G	T	T	G	G	A	A	T	T	T	T	0	0	T	T	A	A	A	A	A	A	C	C	C	C	C	C	C	C	T	T	T	T	C	C	C	C	A	A	T	T	C	C	A	A	T	T	C	C	A	A	G	G	0	0	A	A	G	G	A	A	C	C	T	T	A	A	C	C	T	T	A	A	A	A	T	T	0	0	A	A	C	C	T	T	A	A	0	0	T	T	T	T	T	T	C	C	T	T	C	C	C	C	0	0	A	A	G	G
IDE_50	G	G	G	G	C	C	T	T	C	C	G	G	T	T	A	A	T	T	0	0	0	0	T	T	G	G	C	C	C	C	T	T	G	G	G	G	C	C	T	T	0	0	0	0	0	0	0	0	0	0	0	0	G	G	0	0	A	A	G	G	A	A	T	T	G	G	T	T	0	0	G	G	T	T	G	G	A	A	T	T	T	T	G	G	T	T	A	A	A	A	A	A	C	C	C	C	C	C	C	C	T	T	T	T	C	C	C	C	A	A	T	T	C	C	A	A	T	T	C	C	A	A	G	G	0	0	A	A	G	G	A	A	C	C	T	T	A	A	C	C	T	T	A	A	A	A	T	T	0	0	A	A	C	C	T	T	A	A	0	0	T	T	T	T	T	T	C	C	T	T	C	C	C	C	0	0	A	A	G	G
IDE_51	G	G	G	G	C	C	T	T	C	C	G	G	T	T	0	0	T	T	G	G	0	0	T	T	G	G	C	C	C	C	T	T	G	G	G	G	C	C	T	T	0	0	0	0	C	C	C	C	0	0	A	A	G	G	0	0	A	A	G	G	A	A	T	T	G	G	T	T	G	G	G	G	T	T	G	G	A	A	T	T	T	T	G	G	T	T	A	A	A	A	A	A	C	C	C	C	C	C	C	C	T	T	T	T	C	C	C	C	A	A	T	T	C	C	A	A	T	T	C	C	A	A	G	G	0	0	A	A	G	G	A	A	C	C	T	T	A	A	C	C	T	T	A	A	A	A	T	T	0	0	A	A	C	C	T	T	A	A	0	0	T	T	T	T	T	T	C	C	T	T	C	C	C	C	0	0	A	A	G	G
IDE_52	G	G	0	0	0	0	0	0	0	0	G	G	0	0	0	0	0	0	0	0	0	0	T	T	0	0	C	C	C	C	0	0	0	0	0	0	C	C	0	0	0	0	0	0	0	0	0	0	0	0	0	0	0	0	0	0	0	0	G	G	0	0	0	0	G	G	T	T	0	0	0	0	0	0	G	G	0	0	T	T	T	T	0	0	T	T	0	0	A	A	0	0	C	C	C	C	0	0	C	C	0	0	T	T	C	C	0	0	0	0	0	0	C	C	A	A	0	0	0	0	A	A	0	0	0	0	A	A	0	0	0	0	0	0	T	T	A	A	0	0	0	0	A	A	A	A	T	T	0	0	A	A	C	C	T	T	A	A	0	0	0	0	0	0	0	0	0	0	0	0	0	0	C	C	0	0	0	0	G	G
IDE_53	G	G	G	G	C	C	T	T	C	C	G	G	T	T	A	A	T	T	G	G	0	0	T	T	G	G	C	C	C	C	T	T	G	G	G	G	C	C	T	T	0	0	0	0	C	C	0	0	0	0	0	0	G	G	0	0	A	A	G	G	A	A	T	T	G	G	T	T	G	G	G	G	T	T	G	G	A	A	T	T	T	T	G	G	T	T	A	A	A	A	A	A	C	C	C	C	C	C	C	C	T	T	T	T	C	C	C	C	A	A	T	T	C	C	A	A	T	T	C	C	A	A	G	G	0	0	A	A	G	G	A	A	C	C	T	T	A	A	C	C	T	T	A	A	A	A	T	T	0	0	A	A	C	C	T	T	A	A	0	0	T	T	T	T	T	T	C	C	T	T	C	C	C	C	0	0	A	A	G	G
IDE_54	G	G	0	0	C	C	T	T	C	C	G	G	T	T	A	A	T	T	0	0	0	0	T	T	G	G	C	C	C	C	T	T	G	G	G	G	C	C	T	T	0	0	0	0	0	0	0	0	0	0	0	0	G	G	0	0	A	A	G	G	A	A	T	T	G	G	T	T	0	0	0	0	T	T	G	G	A	A	T	T	T	T	G	G	T	T	0	0	A	A	A	A	C	C	C	C	C	C	C	C	T	T	T	T	C	C	C	C	A	A	T	T	C	C	A	A	T	T	C	C	A	A	G	G	0	0	A	A	G	G	0	0	C	C	T	T	A	A	C	C	T	T	A	A	A	A	T	T	0	0	A	A	C	C	T	T	A	A	0	0	T	T	0	0	T	T	C	C	T	T	C	C	C	C	0	0	A	A	G	G
IDE_55	G	G	G	G	C	C	T	T	C	C	G	G	T	T	A	A	T	T	0	0	0	0	T	T	G	G	C	C	C	C	T	T	G	G	G	G	C	C	T	T	0	0	A	A	C	C	C	C	0	0	0	0	G	G	0	0	A	A	G	G	A	A	T	T	G	G	T	T	G	G	G	G	T	T	G	G	A	A	T	T	T	T	G	G	T	T	A	A	A	A	A	A	C	C	C	C	C	C	C	C	T	T	T	T	C	C	C	C	A	A	T	T	C	C	A	A	T	T	C	C	A	A	G	G	0	0	A	A	G	G	A	A	C	C	T	T	A	A	C	C	T	T	A	A	A	A	T	T	0	0	A	A	C	C	T	T	A	A	0	0	T	T	T	T	T	T	C	C	T	T	C	C	C	C	0	0	A	A	G	G
IDE_56	G	G	G	G	C	C	T	T	C	C	G	G	T	T	A	A	T	T	G	G	0	0	T	T	G	G	C	C	C	C	T	T	G	G	G	G	C	C	T	T	0	0	0	0	0	0	C	C	0	0	0	0	G	G	0	0	A	A	G	G	A	A	T	T	G	G	T	T	G	G	G	G	T	T	G	G	A	A	T	T	T	T	G	G	T	T	0	0	A	A	A	A	C	C	C	C	C	C	C	C	T	T	T	T	C	C	C	C	A	A	T	T	C	C	A	A	T	T	C	C	A	A	G	G	0	0	A	A	G	G	A	A	C	C	T	T	A	A	C	C	T	T	A	A	A	A	T	T	0	0	A	A	C	C	T	T	A	A	0	0	T	T	T	T	T	T	C	C	T	T	C	C	C	C	0	0	A	A	G	G
IDE_57	G	G	G	G	C	C	T	T	C	C	G	G	T	T	A	A	T	T	G	G	0	0	T	T	G	G	C	C	C	C	T	T	G	G	G	G	C	C	T	T	0	0	0	0	0	0	C	C	0	0	0	0	G	G	0	0	A	A	G	G	A	A	T	T	G	G	T	T	G	G	G	G	T	T	G	G	A	A	T	T	T	T	0	0	T	T	A	A	A	A	A	A	C	C	C	C	C	C	C	C	T	T	T	T	C	C	C	C	A	A	T	T	C	C	A	A	T	T	C	C	A	A	G	G	C	C	A	A	G	G	A	A	C	C	T	T	A	A	C	C	T	T	A	A	A	A	T	T	0	0	A	A	C	C	T	T	A	A	0	0	T	T	T	T	T	T	C	C	T	T	C	C	C	C	0	0	A	A	G	A
IDE_58	G	G	G	G	C	C	T	T	C	C	G	G	T	T	A	A	T	T	G	G	0	0	T	T	G	G	C	C	C	C	T	T	G	G	G	G	C	C	T	T	0	0	0	0	C	C	C	C	0	0	A	A	G	G	0	0	A	A	G	G	A	A	T	T	G	G	T	T	G	G	G	G	T	T	G	G	A	A	T	T	T	T	G	G	T	T	A	A	A	A	A	A	C	C	C	C	C	C	C	C	T	T	T	T	C	C	C	C	A	A	T	T	C	C	A	A	T	T	C	C	A	A	G	G	0	0	A	A	G	G	A	A	C	C	T	T	A	A	C	C	T	T	A	A	A	A	T	T	0	0	A	A	C	C	T	T	A	A	0	0	T	T	T	T	T	T	C	C	T	T	C	C	A	A	0	0	C	C	A	A
IDE_59	G	G	G	G	C	C	T	T	C	C	G	G	T	T	A	A	T	T	G	G	0	0	T	T	G	G	C	C	C	C	T	T	G	G	G	G	C	C	T	T	0	0	0	0	C	C	C	C	0	0	A	A	G	G	0	0	A	A	G	G	A	A	T	T	G	G	T	T	G	G	G	G	T	T	G	G	A	A	T	T	T	T	G	G	T	T	A	A	A	A	A	A	C	C	C	C	C	C	C	C	T	T	T	T	C	C	C	C	A	A	T	T	C	C	A	A	T	T	C	C	A	A	G	G	0	0	A	A	G	G	A	A	C	C	T	T	A	A	C	C	T	T	A	A	A	A	T	T	0	0	A	A	C	C	T	T	A	A	0	0	T	T	T	T	T	T	C	C	T	T	C	C	C	C	0	0	A	A	G	G
IDE_60	G	G	G	G	C	C	T	T	C	C	G	G	T	T	A	A	T	T	G	G	0	0	T	T	G	G	C	C	C	C	T	T	G	G	G	G	C	C	T	T	0	0	A	A	C	C	C	C	0	0	A	A	G	G	0	0	A	A	G	G	A	A	T	T	G	G	T	T	G	G	G	G	T	T	G	G	A	A	T	T	T	T	G	G	T	T	A	A	A	A	A	A	C	C	C	C	C	C	C	C	T	T	T	T	C	C	C	C	A	A	T	T	C	C	A	A	T	T	C	C	A	A	G	G	0	0	A	A	G	G	A	A	C	C	T	T	A	A	C	C	T	T	A	A	A	A	T	T	0	0	A	A	C	C	T	T	A	A	0	0	T	T	T	T	T	T	C	C	T	T	C	C	C	C	0	0	A	A	G	G
IDE_61	G	G	G	G	C	C	T	T	C	C	G	G	T	T	A	A	T	T	G	G	0	0	T	T	G	G	C	C	C	C	T	T	G	G	G	G	C	C	T	T	0	0	0	0	C	C	C	C	0	0	0	0	G	G	0	0	A	A	G	G	A	A	T	T	G	G	T	T	G	G	G	G	T	T	G	G	A	A	T	T	T	T	G	G	T	T	A	A	A	A	A	A	C	C	C	C	C	C	C	C	T	T	T	T	C	C	C	C	A	A	T	T	C	C	A	A	T	T	C	C	A	A	G	G	0	0	A	A	G	G	A	A	C	C	T	T	A	A	C	C	T	T	A	A	A	A	T	T	0	0	A	A	C	C	T	T	A	A	0	0	T	T	T	T	T	T	C	C	T	T	C	C	C	C	0	0	A	A	G	G
IDE_62	G	G	G	G	C	C	T	T	C	C	G	G	T	T	A	A	T	T	G	G	0	0	T	T	G	G	C	C	C	C	T	T	G	G	G	G	C	C	T	T	A	A	0	0	0	0	C	C	0	0	0	0	G	G	0	0	A	A	G	G	A	A	T	T	G	G	T	T	0	0	G	G	T	T	G	G	A	A	T	T	T	T	G	G	T	T	A	A	A	A	A	A	C	C	C	C	C	C	C	C	T	T	T	T	C	C	C	C	A	A	T	T	C	C	A	A	T	T	C	C	A	A	G	G	0	0	A	A	G	G	A	A	C	C	T	T	A	A	C	C	T	T	A	A	A	A	T	T	0	0	A	A	C	C	T	T	A	A	0	0	T	T	T	T	T	T	C	C	T	T	C	C	A	A	0	0	C	C	A	A
IDE_63	G	G	G	G	C	C	T	T	C	C	G	G	T	T	A	A	T	T	G	G	0	0	T	T	G	G	C	C	C	C	T	T	G	G	G	G	C	C	T	T	0	0	0	0	0	0	0	0	0	0	0	0	G	G	0	0	A	A	G	G	A	A	T	T	G	G	T	T	G	G	G	G	T	T	G	G	A	A	T	T	T	T	G	G	T	T	A	A	A	A	A	A	C	C	C	C	C	C	C	C	T	T	T	T	C	C	C	C	A	A	T	T	C	C	A	A	T	T	C	C	A	A	G	G	0	0	A	A	G	G	A	A	C	C	T	T	A	A	0	0	T	T	A	A	A	A	T	T	0	0	A	A	C	C	T	T	A	A	0	0	T	T	T	T	T	T	C	C	T	T	C	C	C	C	0	0	A	A	G	G
IDE_64	G	G	G	G	C	C	T	T	C	C	G	G	T	T	A	A	T	T	G	G	0	0	T	T	G	G	C	C	C	C	T	T	G	G	G	G	C	C	T	T	0	0	0	0	C	C	0	0	0	0	0	0	G	G	0	0	A	A	G	G	A	A	T	T	G	G	T	T	G	G	G	G	T	T	G	G	A	A	T	T	T	T	G	G	T	T	A	A	0	0	A	A	C	C	C	C	C	C	C	C	T	T	T	T	C	C	C	C	A	A	T	T	C	C	A	A	T	T	C	C	A	A	G	G	0	0	A	A	G	G	A	A	C	C	T	T	A	A	C	C	T	T	A	A	A	A	T	T	0	0	A	A	C	C	T	T	A	A	0	0	T	T	T	T	T	T	C	C	T	T	C	C	A	A	0	0	C	C	0	0
IDE_65	G	G	G	G	C	C	T	T	C	C	G	G	T	T	A	A	T	T	G	G	0	0	T	T	G	G	C	C	C	C	T	T	G	G	G	G	C	C	T	T	0	0	A	A	C	C	C	C	0	0	A	A	G	G	0	0	A	A	G	G	A	A	T	T	G	G	T	T	G	G	G	G	T	T	G	G	A	A	T	T	T	T	G	G	T	T	A	A	A	A	A	A	C	C	C	C	C	C	C	C	T	T	T	T	C	C	C	C	A	A	T	T	C	C	A	A	T	T	C	C	A	A	G	G	0	0	A	A	G	G	A	A	C	C	T	T	A	A	C	C	T	T	A	A	A	A	T	T	0	0	A	A	C	C	T	T	A	A	0	0	T	T	T	T	T	T	C	C	T	T	C	C	A	A	0	0	C	C	A	A
IDE_66	G	G	G	G	C	C	T	T	C	C	G	G	T	T	0	0	T	T	G	G	0	0	T	T	G	G	C	C	C	C	T	T	G	G	G	G	C	C	T	T	0	0	A	A	C	C	C	C	0	0	0	0	G	G	0	0	A	A	G	G	A	A	T	T	G	G	T	T	G	G	G	G	T	T	G	G	A	A	T	T	T	T	G	G	T	T	A	A	A	A	A	A	C	C	C	C	C	C	C	C	T	T	T	T	C	C	C	C	A	A	T	T	C	C	A	A	T	T	C	C	A	A	G	G	0	0	A	A	G	G	A	A	C	C	T	T	A	A	C	C	T	T	A	A	A	A	T	T	0	0	A	A	C	C	T	T	A	A	0	0	T	T	T	T	T	T	C	C	0	0	C	C	A	A	0	0	C	C	A	A
IDE_68	G	G	G	G	C	C	T	T	C	C	G	G	T	T	A	A	T	T	0	0	0	0	T	T	G	G	C	C	C	C	T	T	G	G	G	G	C	C	T	T	0	0	0	0	C	C	0	0	0	0	0	0	G	G	0	0	A	A	G	G	A	A	T	T	G	G	T	T	G	G	G	G	T	T	G	G	A	A	T	T	T	T	G	G	T	T	A	A	A	A	A	A	C	C	C	C	C	C	C	C	T	T	T	T	C	C	C	C	A	A	T	T	C	C	A	A	T	T	C	C	A	A	G	G	0	0	A	A	G	G	A	A	C	C	T	T	A	A	C	C	T	T	A	A	A	A	T	T	0	0	A	A	C	C	T	T	A	A	0	0	T	T	T	T	T	T	C	C	T	T	C	C	A	A	0	0	C	C	A	A
IDE_69	G	G	G	G	C	C	T	T	C	C	G	G	T	T	A	A	T	T	G	G	0	0	T	T	G	G	C	C	C	C	T	T	G	G	G	G	C	C	T	T	0	0	0	0	C	C	C	C	0	0	A	A	G	G	0	0	A	A	G	G	A	A	T	T	G	G	T	T	G	G	G	G	T	T	G	G	A	A	T	T	T	T	G	G	T	T	A	A	A	A	A	A	C	C	C	C	C	C	C	C	T	T	T	T	C	C	C	C	A	A	T	T	C	C	A	A	T	T	C	C	A	A	G	G	0	0	A	A	G	G	A	A	C	C	T	T	A	A	C	C	T	T	A	A	A	A	T	T	0	0	A	A	C	C	T	T	A	A	0	0	T	T	T	T	T	T	C	C	T	T	C	C	C	C	0	0	A	A	G	G
IDE_70	G	G	G	G	C	C	T	T	C	C	G	G	T	T	A	A	T	T	0	0	0	0	T	T	G	G	C	C	C	C	T	T	G	G	G	G	C	C	T	T	0	0	0	0	C	C	0	0	0	0	0	0	G	G	0	0	A	A	G	G	A	A	T	T	G	G	T	T	G	G	G	G	T	T	G	G	A	A	T	T	T	T	G	G	T	T	A	A	A	A	A	A	C	C	C	C	C	C	C	C	T	T	T	T	C	C	C	C	A	A	T	T	C	C	A	A	T	T	C	C	A	A	G	G	0	0	A	A	G	G	A	A	C	C	T	T	A	A	C	C	T	T	A	A	A	A	T	T	0	0	A	A	C	C	T	T	A	A	0	0	T	T	T	T	T	T	C	C	T	T	C	C	C	C	0	0	A	A	G	G
MDE-Is	G	C	G	A	C	C	T	C	T	C	G	A	T	C	T	A	T	C	A	A	G	G	T	C	T	G	T	C	C	A	T	C	G	A	G	A	G	C	T	A	C	C	G	G	G	G	T	T	0	0	G	G	T	G	A	A	T	A	G	A	G	A	T	A	G	A	0	0	C	C	G	A	T	G	G	A	C	A	T	C	T	A	G	A	T	G	T	T	G	A	G	A	G	C	T	C	C	A	T	C	T	A	T	A	T	C	T	C	T	A	T	A	G	C	G	A	T	C	T	C	A	A	G	A	C	C	G	A	T	G	C	A	T	T	T	C	G	A	G	G	T	C	T	A	G	A	G	G	C	C	G	A	T	C	T	C	G	A	A	A	T	A	T	T	C	C	T	C	A	A	A	A	C	C	0	0	A	A	G	G
MDE-LG1	G	C	G	A	C	A	T	C	T	C	G	A	T	C	T	A	T	C	A	A	G	G	T	C	T	G	T	C	C	A	T	C	G	A	G	A	G	C	T	A	C	C	G	G	G	C	T	T	G	G	G	G	T	G	A	A	T	A	G	A	G	A	T	A	G	A	0	0	G	G	G	A	T	G	G	A	C	A	T	C	T	A	G	A	T	G	T	T	G	A	G	A	G	C	T	C	C	A	T	C	T	A	0	0	T	C	T	C	T	A	T	A	G	C	G	A	T	C	T	C	A	A	G	A	C	C	G	A	T	G	C	A	T	T	T	C	G	A	G	G	T	C	T	A	G	A	T	G	C	C	G	A	T	C	T	C	G	A	A	A	T	A	G	G	C	C	T	C	A	A	C	A	C	C	0	0	A	A	G	G
MDE-LG2	G	C	G	A	C	C	T	C	T	C	G	A	T	C	T	A	T	C	A	A	0	0	T	C	T	G	T	C	C	A	T	C	G	A	G	A	G	C	T	A	C	C	G	G	G	C	T	T	0	0	G	G	T	G	A	A	T	A	G	A	G	G	T	A	G	A	0	0	G	G	G	A	T	G	G	A	C	A	T	C	T	A	G	A	T	G	T	T	G	A	G	A	G	C	T	C	C	A	T	C	T	A	T	A	T	T	T	C	T	A	T	A	G	C	G	A	T	C	T	T	A	A	G	A	C	C	G	A	T	G	C	A	T	T	T	C	G	A	G	C	T	C	T	T	G	A	0	0	C	C	G	A	T	C	T	C	G	A	A	A	T	A	T	T	C	C	T	C	A	A	C	A	C	C	0	0	A	A	G	G
MDE-ZLR	C	C	G	A	C	C	T	C	T	C	G	A	C	C	T	A	T	C	A	A	0	0	T	C	T	G	T	C	C	A	T	C	G	A	G	A	G	C	T	A	C	C	G	G	G	G	T	T	0	0	G	G	T	G	A	A	T	A	G	A	G	G	T	A	G	A	T	T	C	C	G	A	T	G	G	A	C	A	T	C	T	A	A	A	T	G	T	T	G	A	G	A	G	C	T	C	C	A	T	C	T	A	T	A	T	C	T	C	T	A	T	A	G	C	G	A	T	C	T	T	A	A	G	A	C	C	G	A	T	G	C	A	T	T	T	C	G	A	G	G	T	C	T	A	G	A	T	G	C	C	G	A	T	C	T	C	G	A	A	A	T	A	T	G	C	C	T	C	T	A	C	A	C	C	T	T	A	A	G	G
SDE_01	C	C	A	A	A	A	C	C	T	T	A	A	C	C	T	T	C	C	A	A	G	G	C	C	T	T	T	T	A	A	C	C	A	A	A	A	G	G	A	A	C	C	G	G	G	G	T	T	G	G	G	G	T	T	A	A	T	T	A	A	G	G	A	A	A	A	0	0	C	C	A	A	G	G	A	A	C	C	C	C	A	A	A	A	G	G	T	T	G	G	G	G	G	G	T	T	A	A	T	T	A	A	A	A	T	T	T	T	T	T	A	A	G	C	G	G	C	C	T	T	0	0	A	A	C	C	G	G	T	T	C	C	T	T	C	C	G	G	G	G	C	C	T	T	G	G	G	G	C	C	G	G	T	T	C	C	G	G	A	A	A	A	G	G	C	C	T	T	A	A	A	A	C	C	T	T	C	C	A	A
SDE_02	C	C	A	A	A	A	C	C	T	T	A	A	C	C	T	T	C	C	A	A	G	G	C	C	T	T	T	T	A	A	C	C	A	A	A	A	G	G	A	A	C	C	G	G	G	G	T	T	G	G	G	G	T	T	A	A	T	T	A	A	G	G	A	A	A	A	0	0	C	C	A	A	G	G	A	A	C	C	C	C	A	A	A	A	G	G	T	T	G	G	G	G	G	G	T	T	A	A	T	T	A	A	A	A	T	T	T	T	T	T	A	A	G	C	G	G	C	C	T	T	0	0	A	A	C	C	G	G	T	T	C	C	T	T	C	C	G	G	G	G	C	C	T	T	G	G	G	G	C	C	G	G	T	T	C	C	G	G	A	A	A	A	G	G	C	C	T	T	A	A	A	A	C	C	T	T	C	C	A	A
SDE_03	C	C	A	A	A	A	C	C	T	T	A	A	C	C	T	T	C	C	A	A	0	0	C	C	T	T	T	T	A	A	C	C	A	A	A	A	G	G	A	A	C	C	G	G	G	G	T	T	G	G	G	G	T	T	A	A	T	T	A	A	G	G	A	A	A	A	0	0	C	C	A	A	G	G	A	A	C	C	C	C	A	A	A	A	G	G	T	T	G	G	G	G	G	G	T	T	A	A	T	T	A	A	A	A	T	T	T	T	T	T	A	A	G	C	G	G	C	C	T	T	0	0	A	A	C	C	G	G	T	T	C	C	T	T	C	C	G	G	G	G	C	C	T	T	G	G	G	G	C	C	G	G	T	T	C	C	G	G	A	A	A	A	G	G	C	C	0	0	A	A	A	A	C	C	T	T	C	C	A	A
SDE_04	C	C	A	A	A	A	C	C	T	T	A	A	C	C	T	T	C	C	A	A	G	G	C	C	T	T	T	T	A	A	C	C	A	A	A	A	G	G	A	A	C	C	G	G	G	G	T	T	G	G	G	G	T	T	A	A	T	T	A	A	G	G	A	A	A	A	0	0	C	C	A	A	G	G	A	A	C	C	C	C	A	A	A	A	G	G	T	T	G	G	G	G	G	G	T	T	A	A	T	T	A	A	A	A	T	T	T	T	T	T	A	A	G	C	G	G	C	C	T	T	0	0	A	A	C	C	G	G	T	T	C	C	T	T	C	C	G	G	G	G	C	C	T	T	G	G	G	G	C	C	G	G	T	T	C	C	G	G	A	A	A	A	G	G	C	C	T	T	A	A	A	A	C	C	T	T	C	C	A	A
SDE_05	C	C	A	A	A	A	C	C	T	T	A	A	C	C	T	T	C	C	A	A	G	G	C	C	T	T	T	T	A	A	C	C	A	A	A	A	G	G	A	A	C	C	G	G	G	G	T	T	G	G	G	G	T	T	A	A	T	T	A	A	G	G	A	A	A	A	0	0	C	C	A	A	G	G	A	A	C	C	C	C	A	A	A	A	G	G	T	T	G	G	G	G	G	G	T	T	A	A	T	T	A	A	A	A	T	T	T	T	T	T	A	A	G	C	G	G	C	C	T	T	0	0	A	A	C	C	G	G	T	T	C	C	T	T	C	C	G	G	G	G	C	C	T	T	G	G	G	G	C	C	G	G	T	T	C	C	G	G	A	A	A	A	G	G	C	C	T	T	A	A	A	A	C	C	T	T	C	C	A	A
SDE_06	C	C	A	A	A	A	C	C	T	T	A	A	C	C	T	T	C	C	A	A	0	0	C	C	T	T	T	T	A	A	C	C	A	A	A	A	G	G	A	A	C	C	G	G	G	G	T	T	G	G	G	G	T	T	A	A	T	T	A	A	G	G	A	A	A	A	0	0	C	C	A	A	G	G	A	A	C	C	C	C	A	A	A	A	G	G	T	T	G	G	G	G	G	G	T	T	A	A	T	T	A	A	A	A	T	T	T	T	T	T	A	A	G	C	G	G	C	C	T	T	0	0	A	A	C	C	G	G	T	T	C	C	T	T	C	C	G	G	G	G	C	C	T	T	G	G	G	G	C	C	G	G	T	T	C	C	G	G	A	A	A	A	G	G	C	C	T	T	A	A	A	A	C	C	T	T	C	C	A	A
SDE_07	C	C	A	A	A	A	C	C	T	T	A	A	C	C	T	T	C	C	A	A	G	G	C	C	T	T	T	T	A	A	C	C	A	A	A	A	G	G	A	A	C	C	G	G	G	G	T	T	G	G	G	G	T	T	A	A	T	T	A	A	G	G	A	A	A	A	0	0	C	C	A	A	G	G	A	A	C	C	C	C	A	A	A	A	G	G	T	T	G	G	G	G	G	G	T	T	A	A	T	T	A	A	A	A	T	T	T	T	T	T	A	A	G	C	G	G	C	C	T	T	0	0	A	A	C	C	G	G	T	T	C	C	T	T	C	C	G	G	G	G	C	C	T	T	G	G	G	G	C	C	G	G	T	T	C	C	G	G	A	A	A	A	G	G	C	C	T	T	A	A	A	A	C	C	T	T	C	C	A	A
SDE_08	C	C	A	A	A	A	C	C	T	T	A	A	C	C	T	T	C	C	A	A	G	G	C	C	T	T	T	T	A	A	C	C	A	A	A	A	G	G	A	A	C	C	G	G	G	G	T	T	G	G	G	G	T	T	A	A	T	T	A	A	G	G	A	A	A	A	0	0	C	C	A	A	G	G	A	A	C	C	C	C	A	A	A	A	G	G	T	T	G	G	G	G	G	G	T	T	A	A	T	T	A	A	A	A	T	T	T	T	T	T	A	A	G	C	G	G	C	C	T	T	0	0	A	A	C	C	G	G	T	T	C	C	T	T	C	C	G	G	G	G	C	C	T	T	G	G	G	G	C	C	G	G	T	T	C	C	G	G	A	A	A	A	G	G	C	C	T	T	A	A	A	A	C	C	T	T	C	C	A	A
SDE_09	C	C	A	A	A	A	C	C	T	T	A	A	C	C	T	T	C	C	A	A	0	0	C	C	T	T	T	T	A	A	C	C	A	A	A	A	G	G	A	A	C	C	G	G	G	G	T	T	G	G	G	G	T	T	A	A	T	T	A	A	G	G	A	A	A	A	0	0	C	C	A	A	G	G	A	A	C	C	C	C	A	A	A	A	G	G	T	T	G	G	G	G	G	G	T	T	A	A	T	T	A	A	A	A	T	T	T	T	T	T	A	A	G	C	G	G	C	C	T	T	0	0	A	A	C	C	G	G	T	T	C	C	T	T	C	C	G	G	G	G	C	C	T	T	G	G	G	G	C	C	G	G	T	T	C	C	G	G	A	A	A	A	G	G	C	C	T	T	A	A	A	A	C	C	T	T	C	C	A	A
SDE_10	C	C	A	A	A	A	C	C	T	T	A	A	C	C	T	T	C	C	A	A	G	G	C	C	T	T	T	T	A	A	C	C	A	A	A	A	G	G	A	A	C	C	G	G	G	G	T	T	G	G	G	G	T	T	A	A	T	T	A	A	G	G	A	A	A	A	0	0	C	C	A	A	G	G	A	A	C	C	C	C	A	A	A	A	G	G	T	T	G	G	G	G	G	G	T	T	A	A	T	T	A	A	A	A	T	T	T	T	T	T	A	A	G	C	G	G	C	C	T	T	0	0	A	A	C	C	G	G	T	T	C	C	T	T	C	C	G	G	G	G	C	C	T	T	G	G	G	G	C	C	G	G	T	T	C	C	G	G	A	A	A	A	G	G	C	C	T	T	A	A	A	A	C	C	T	T	C	C	A	A
SDE_11	C	C	A	A	A	A	C	C	T	T	A	A	C	C	T	T	C	C	A	A	G	G	C	C	T	T	T	T	A	A	C	C	A	A	A	A	G	G	A	A	C	C	G	G	G	G	T	T	G	G	G	G	T	T	A	A	T	T	A	A	G	G	A	A	A	A	0	0	C	C	A	A	G	G	A	A	C	C	C	C	A	A	A	A	G	G	T	T	G	G	G	G	G	G	T	T	A	A	T	T	A	A	A	A	T	T	T	T	T	T	A	A	G	C	G	G	C	C	T	T	0	0	A	A	C	C	G	G	T	T	C	C	T	T	C	C	G	G	G	G	C	C	T	T	G	G	G	G	C	C	G	G	T	T	C	C	G	G	A	A	A	A	G	G	C	C	T	T	A	A	A	A	C	C	T	T	C	C	A	A
SDE_12	C	C	A	A	A	A	C	C	T	T	A	A	C	C	T	T	C	C	A	A	G	G	C	C	T	T	T	T	A	A	C	C	A	A	A	A	G	G	A	A	C	C	G	G	G	G	T	T	G	G	G	G	T	T	A	A	T	T	A	A	G	G	A	A	A	A	0	0	C	C	A	A	G	G	A	A	C	C	C	C	A	A	A	A	G	G	T	T	G	G	G	G	G	G	T	T	A	A	T	T	A	A	A	A	T	T	T	T	T	T	A	A	G	C	G	G	C	C	T	T	0	0	A	A	C	C	G	G	T	T	C	C	T	T	C	C	G	G	G	G	C	C	T	T	G	G	G	G	C	C	G	G	T	T	C	C	G	G	A	A	A	A	G	G	C	C	T	T	A	A	A	A	C	C	T	T	C	C	A	A
SDE_13	C	C	A	A	A	A	C	C	T	T	A	A	C	C	T	T	C	C	A	A	G	G	C	C	T	T	T	T	A	A	C	C	A	A	A	A	G	G	A	A	C	C	G	G	G	G	T	T	G	G	G	G	T	T	A	A	T	T	A	A	G	G	A	A	A	A	0	0	C	C	A	A	G	G	A	A	C	C	C	C	A	A	A	A	G	G	T	T	G	G	G	G	G	G	T	T	A	A	T	T	A	A	A	A	T	T	T	T	T	T	A	A	G	C	G	G	C	C	T	T	0	0	A	A	C	C	G	G	T	T	C	C	T	T	C	C	G	G	G	G	C	C	T	T	G	G	G	G	C	C	G	G	T	T	C	C	G	G	A	A	A	A	G	G	C	C	T	T	A	A	A	A	C	C	T	T	C	C	A	A
SDE_14	C	C	A	A	A	A	C	C	T	T	A	A	C	C	T	T	C	C	A	A	G	G	C	C	T	T	T	T	A	A	C	C	A	A	A	A	G	G	A	A	C	C	G	G	G	G	T	T	G	G	G	G	T	T	A	A	T	T	A	A	G	G	A	A	A	A	0	0	C	C	A	A	G	G	A	A	C	C	C	C	A	A	A	A	G	G	T	T	G	G	G	G	G	G	T	T	A	A	T	T	A	A	A	A	T	T	T	T	T	T	A	A	G	C	G	G	C	C	T	T	0	0	A	A	C	C	G	G	T	T	C	C	T	T	C	C	G	G	G	G	C	C	T	T	G	G	G	G	C	C	G	G	T	T	C	C	G	G	A	A	A	A	G	G	C	C	T	T	A	A	A	A	C	C	T	T	C	C	A	A
SDE_15	C	C	A	A	A	A	C	C	T	T	A	A	C	C	T	T	C	C	A	A	G	G	C	C	T	T	T	T	A	A	C	C	A	A	A	A	G	G	A	A	C	C	G	G	G	G	T	T	G	G	G	G	T	T	A	A	T	T	A	A	G	G	A	A	A	A	0	0	C	C	A	A	G	G	A	A	C	C	C	C	A	A	A	A	G	G	T	T	G	G	G	G	G	G	T	T	A	A	T	T	A	A	A	A	T	T	T	T	T	T	A	A	G	C	G	G	C	C	T	T	0	0	A	A	C	C	G	G	T	T	C	C	T	T	C	C	G	G	G	G	C	C	T	T	G	G	G	G	C	C	G	G	T	T	C	C	G	G	A	A	A	A	G	G	C	C	T	T	A	A	A	A	C	C	T	T	C	C	A	A
SDE_16	C	C	A	A	A	A	C	C	T	T	A	A	C	C	T	T	C	C	A	A	0	0	C	C	T	T	T	T	A	A	C	C	A	A	A	A	G	G	A	A	C	C	G	G	G	G	T	T	G	G	G	G	T	T	A	A	T	T	A	A	G	G	A	A	A	A	0	0	C	C	A	A	G	G	A	A	C	C	C	C	A	A	A	A	G	G	T	T	G	G	G	G	G	G	T	T	A	A	T	T	A	A	A	A	T	T	T	T	T	T	A	A	G	C	G	G	C	C	T	T	0	0	A	A	C	C	G	G	T	T	C	C	T	T	C	C	G	G	G	G	C	C	T	T	G	G	G	G	C	C	G	G	T	T	C	C	G	G	A	A	A	A	G	G	C	C	T	T	A	A	A	A	C	C	T	T	C	C	A	A
SDE_17	C	C	A	A	A	A	C	C	T	T	A	A	C	C	T	T	C	C	A	A	G	G	C	C	T	T	T	T	A	A	C	C	A	A	A	A	G	G	A	A	C	C	G	G	G	G	T	T	G	G	G	G	T	T	A	A	T	T	A	A	G	G	A	A	A	A	0	0	C	C	A	A	G	G	A	A	C	C	C	C	A	A	A	A	G	G	T	T	G	G	G	G	G	G	T	T	A	A	T	T	A	A	A	A	T	T	T	T	T	T	A	A	G	C	G	G	C	C	T	T	0	0	A	A	C	C	G	G	T	T	C	C	T	T	C	C	G	G	G	G	C	C	T	T	G	G	G	G	C	C	G	G	T	T	C	C	G	G	0	0	A	A	G	G	C	C	T	T	A	A	A	A	C	C	T	T	C	C	A	A
SDE_18	C	C	A	A	A	A	C	C	T	T	A	A	C	C	T	T	C	C	A	A	0	0	C	C	T	T	T	T	A	A	C	C	A	A	A	A	G	G	A	A	C	C	G	G	G	G	T	T	G	G	G	G	T	T	A	A	T	T	A	A	G	G	A	A	A	A	0	0	C	C	A	A	G	G	A	A	C	C	C	C	A	A	A	A	G	G	T	T	G	G	G	G	G	G	T	T	A	A	T	T	A	A	A	A	T	T	T	T	T	T	A	A	G	C	G	G	C	C	T	T	0	0	A	A	C	C	G	G	T	T	C	C	T	T	C	C	G	G	G	G	C	C	T	T	G	G	G	G	C	C	G	G	T	T	C	C	G	G	A	A	A	A	G	G	C	C	T	T	A	A	A	A	C	C	T	T	C	C	A	A
SDE_19	C	C	A	A	A	A	C	C	T	T	A	A	C	C	T	T	C	C	A	A	0	0	C	C	T	T	T	T	A	A	C	C	A	A	A	A	G	G	A	A	C	C	G	G	0	0	T	T	G	G	G	G	T	T	A	A	T	T	A	A	G	G	A	A	A	A	0	0	C	C	A	A	G	G	A	A	C	C	C	C	A	A	A	A	G	G	T	T	G	G	G	G	G	G	T	T	A	A	T	T	A	A	A	A	T	T	T	T	T	T	A	A	G	C	G	G	C	C	T	T	0	0	A	A	C	C	G	G	T	T	0	0	T	T	C	C	G	G	G	G	C	C	T	T	G	G	G	G	C	C	G	G	T	T	C	C	G	G	A	A	A	A	G	G	C	C	T	T	A	A	A	A	C	C	T	T	C	C	A	A
SDE_20	C	C	A	A	A	A	C	C	T	T	A	A	C	C	T	T	C	C	A	A	0	0	C	C	T	T	T	T	A	A	C	C	A	A	A	A	G	G	A	A	C	C	G	G	G	G	T	T	G	G	G	G	T	T	A	A	T	T	A	A	G	G	A	A	A	A	0	0	C	C	A	A	G	G	A	A	C	C	C	C	A	A	A	A	G	G	T	T	G	G	G	G	G	G	T	T	A	A	T	T	A	A	A	A	T	T	T	T	T	T	A	A	G	C	G	G	C	C	T	T	0	0	A	A	C	C	G	G	T	T	C	C	T	T	C	C	G	G	G	G	C	C	T	T	G	G	G	G	C	C	G	G	T	T	C	C	G	G	A	A	A	A	G	G	C	C	T	T	A	A	A	A	C	C	T	T	C	C	A	A
SDE_21	C	C	A	A	A	A	C	C	T	T	A	A	C	C	T	T	C	C	A	A	G	G	C	C	T	T	T	T	A	A	C	C	A	A	A	A	G	G	A	A	C	C	G	G	G	G	T	T	G	G	G	G	T	T	A	A	T	T	A	A	G	G	A	A	A	A	0	0	C	C	A	A	G	G	A	A	C	C	C	C	A	A	A	A	G	G	T	T	G	G	G	G	G	G	T	T	A	A	T	T	A	A	A	A	T	T	T	T	T	T	A	A	G	C	G	G	C	C	T	T	0	0	A	A	C	C	G	G	T	T	C	C	T	T	C	C	G	G	G	G	C	C	T	T	G	G	G	G	C	C	G	G	T	T	C	C	G	G	A	A	A	A	G	G	C	C	T	T	A	A	A	A	C	C	T	T	C	C	A	A
SDE_22	C	C	A	A	A	A	C	C	T	T	A	A	C	C	T	T	C	C	A	A	G	G	C	C	T	T	T	T	A	A	C	C	A	A	A	A	G	G	A	A	C	C	G	G	G	G	T	T	G	G	G	G	T	T	A	A	T	T	A	A	G	G	A	A	A	A	0	0	C	C	A	A	G	G	A	A	C	C	C	C	A	A	A	A	G	G	T	T	G	G	G	G	G	G	T	T	A	A	T	T	A	A	A	A	T	T	T	T	T	T	A	A	G	C	G	G	C	C	T	T	0	0	A	A	C	C	G	G	T	T	C	C	T	T	C	C	G	G	G	G	C	C	T	T	G	G	G	G	C	C	G	G	T	T	C	C	G	G	A	A	A	A	G	G	C	C	T	T	A	A	A	A	C	C	T	T	C	C	A	A
SDE_23	C	C	A	A	A	A	C	C	T	T	A	A	C	C	T	T	C	C	A	A	G	G	C	C	T	T	T	T	A	A	C	C	A	A	A	A	G	G	A	A	C	C	G	G	G	G	T	T	G	G	G	G	0	0	A	A	T	T	A	A	G	G	A	A	A	A	0	0	C	C	A	A	G	G	A	A	C	C	C	C	A	A	A	A	G	G	T	T	G	G	G	G	G	G	T	T	A	A	T	T	A	A	A	A	T	T	T	T	T	T	A	A	G	C	G	G	C	C	T	T	0	0	A	A	C	C	G	G	T	T	C	C	T	T	C	C	G	G	G	G	C	C	T	T	G	G	G	G	C	C	G	G	T	T	C	C	G	G	A	A	A	A	G	G	C	C	T	T	A	A	A	A	C	C	T	T	C	C	A	A
SDE_24	C	C	A	A	0	0	C	C	T	T	A	A	C	C	T	T	C	C	A	A	0	0	C	C	T	T	T	T	A	A	C	C	A	A	A	A	G	G	A	A	C	C	G	G	G	G	T	T	G	G	G	G	T	T	A	A	T	T	A	A	G	G	A	A	A	A	0	0	C	C	A	A	G	G	A	A	C	C	C	C	A	A	A	A	G	G	T	T	G	G	G	G	G	G	T	T	A	A	T	T	A	A	A	A	T	T	T	T	T	T	A	A	G	C	G	G	C	C	T	T	0	0	A	A	C	C	G	G	T	T	C	C	T	T	C	C	G	G	G	G	C	C	T	T	G	G	G	G	C	C	G	G	T	T	C	C	G	G	A	A	A	A	G	G	C	C	T	T	A	A	A	A	C	C	T	T	C	C	A	A
SDE_25	C	C	A	A	A	A	C	C	T	T	A	A	C	C	T	T	C	C	A	A	G	G	C	C	T	T	T	T	A	A	C	C	A	A	A	A	G	G	A	A	C	C	G	G	G	G	T	T	G	G	G	G	T	T	A	A	T	T	A	A	G	G	A	A	A	A	0	0	C	C	A	A	G	G	A	A	C	C	C	C	A	A	A	A	G	G	T	T	G	G	G	G	G	G	T	T	A	A	T	T	A	A	A	A	T	T	T	T	T	T	A	A	G	C	G	G	C	C	T	T	0	0	A	A	C	C	G	G	0	0	C	C	T	T	C	C	G	G	G	G	C	C	T	T	G	G	G	G	C	C	G	G	T	T	C	C	G	G	A	A	A	A	G	G	C	C	T	T	A	A	A	A	C	C	T	T	C	C	A	A
SDE_26	C	C	A	A	A	A	C	C	T	T	A	A	C	C	T	T	C	C	A	A	0	0	C	C	T	T	T	T	A	A	C	C	A	A	A	A	G	G	A	A	C	C	G	G	G	G	T	T	G	G	G	G	T	T	A	A	T	T	A	A	G	G	A	A	A	A	0	0	C	C	A	A	G	G	A	A	C	C	C	C	A	A	A	A	G	G	T	T	G	G	G	G	G	G	T	T	A	A	T	T	A	A	A	A	T	T	T	T	T	T	A	A	G	C	G	G	C	C	T	T	0	0	A	A	C	C	G	G	T	T	C	C	T	T	C	C	G	G	G	G	C	C	T	T	G	G	G	G	C	C	G	G	T	T	C	C	G	G	A	A	A	A	G	G	C	C	T	T	A	A	A	A	C	C	T	T	C	C	A	A
SDE_27	C	C	A	A	0	0	C	C	T	T	A	A	C	C	T	T	C	C	A	A	G	G	C	C	T	T	T	T	A	A	C	C	A	A	A	A	G	G	A	A	C	C	G	G	G	G	T	T	G	G	G	G	T	T	A	A	T	T	A	A	G	G	A	A	A	A	0	0	C	C	A	A	G	G	A	A	C	C	C	C	A	A	A	A	G	G	T	T	G	G	G	G	G	G	T	T	A	A	T	T	A	A	A	A	T	T	T	T	T	T	A	A	G	C	G	G	C	C	T	T	0	0	A	A	C	C	G	G	T	T	C	C	T	T	C	C	G	G	G	G	C	C	T	T	G	G	G	G	C	C	G	G	T	T	C	C	G	G	A	A	A	A	G	G	C	C	T	T	A	A	A	A	C	C	T	T	C	C	A	A
SDE_28	C	C	A	A	A	A	C	C	T	T	A	A	C	C	T	T	C	C	A	A	G	G	C	C	T	T	T	T	A	A	C	C	A	A	A	A	G	G	A	A	C	C	G	G	G	G	T	T	G	G	G	G	T	T	A	A	T	T	A	A	G	G	A	A	A	A	0	0	C	C	A	A	G	G	A	A	C	C	C	C	A	A	A	A	G	G	T	T	G	G	G	G	G	G	T	T	A	A	T	T	A	A	A	A	T	T	T	T	T	T	A	A	G	C	G	G	C	C	T	T	0	0	A	A	C	C	G	G	T	T	C	C	T	T	C	C	G	G	G	G	C	C	T	T	G	G	G	G	C	C	G	G	T	T	C	C	G	G	A	A	A	A	G	G	C	C	T	T	A	A	A	A	C	C	T	T	C	C	A	A
SDE_29	C	C	A	A	A	A	C	C	T	T	A	A	C	C	T	T	C	C	A	A	G	G	C	C	T	T	T	T	A	A	C	C	A	A	A	A	G	G	A	A	C	C	G	G	G	G	T	T	G	G	G	G	T	T	A	A	T	T	A	A	G	G	A	A	A	A	0	0	C	C	A	A	G	G	A	A	C	C	C	C	A	A	A	A	G	G	T	T	G	G	G	G	G	G	T	T	A	A	T	T	A	A	A	A	T	T	T	T	T	T	A	A	G	C	G	G	C	C	T	T	0	0	A	A	C	C	G	G	T	T	C	C	T	T	C	C	G	G	G	G	C	C	T	T	G	G	G	G	C	C	G	G	T	T	C	C	G	G	A	A	A	A	G	G	C	C	T	T	A	A	A	A	C	C	T	T	C	C	A	A
SDE_30	C	C	A	A	A	A	C	C	T	T	A	A	C	C	T	T	C	C	A	A	G	G	C	C	T	T	T	T	A	A	C	C	A	A	A	A	G	G	A	A	C	C	G	G	G	G	T	T	G	G	G	G	T	T	A	A	T	T	A	A	G	G	A	A	A	A	0	0	C	C	A	A	G	G	A	A	C	C	C	C	A	A	A	A	G	G	T	T	G	G	G	G	G	G	T	T	A	A	T	T	A	A	A	A	T	T	T	T	T	T	A	A	G	C	G	G	C	C	T	T	0	0	A	A	C	C	G	G	T	T	C	C	T	T	C	C	G	G	G	G	C	C	T	T	G	G	G	G	C	C	G	G	T	T	C	C	G	G	A	A	A	A	G	G	C	C	T	T	A	A	A	A	C	C	T	T	C	C	A	A
SDE_31	C	C	A	A	A	A	C	C	T	T	A	A	C	C	T	T	C	C	A	A	G	G	C	C	T	T	T	T	A	A	C	C	A	A	A	A	G	G	A	A	C	C	G	G	G	G	T	T	G	G	G	G	T	T	A	A	T	T	A	A	G	G	A	A	A	A	0	0	C	C	A	A	G	G	A	A	C	C	C	C	A	A	A	A	G	G	T	T	G	G	G	G	G	G	T	T	A	A	T	T	A	A	A	A	T	T	T	T	T	T	A	A	G	C	G	G	C	C	T	T	0	0	A	A	C	C	G	G	T	T	C	C	T	T	C	C	G	G	G	G	C	C	T	T	G	G	G	G	C	C	G	G	T	T	C	C	G	G	A	A	A	A	G	G	C	C	T	T	A	A	A	A	C	C	T	T	C	C	A	A
SDE_32	C	C	A	A	A	A	C	C	T	T	A	A	C	C	T	T	C	C	A	A	0	0	C	C	T	T	T	T	A	A	C	C	A	A	A	A	G	G	A	A	C	C	G	G	G	G	T	T	G	G	G	G	T	T	A	A	T	T	A	A	G	G	A	A	A	A	0	0	C	C	A	A	G	G	A	A	C	C	C	C	A	A	A	A	G	G	T	T	G	G	G	G	G	G	T	T	A	A	T	T	A	A	A	A	T	T	T	T	T	T	A	A	G	C	G	G	C	C	T	T	0	0	A	A	C	C	G	G	T	T	C	C	T	T	C	C	G	G	G	G	C	C	T	T	G	G	G	G	C	C	G	G	T	T	C	C	G	G	A	A	A	A	G	G	C	C	T	T	A	A	A	A	C	C	T	T	C	C	A	A
SDE_33	C	C	A	A	A	A	C	C	T	T	A	A	C	C	T	T	C	C	A	A	G	G	C	C	T	T	T	T	A	A	C	C	A	A	A	A	G	G	A	A	C	C	G	G	G	G	T	T	G	G	G	G	T	T	A	A	T	T	A	A	G	G	A	A	A	A	0	0	C	C	A	A	G	G	A	A	C	C	C	C	A	A	A	A	G	G	T	T	0	0	G	G	G	G	T	T	A	A	T	T	A	A	A	A	T	T	T	T	T	T	A	A	G	C	G	G	C	C	T	T	0	0	0	0	C	C	G	G	T	T	C	C	T	T	C	C	G	G	G	G	C	C	T	T	G	G	G	G	C	C	G	G	T	T	C	C	G	G	A	A	A	A	G	G	C	C	T	T	A	A	A	A	C	C	T	T	C	C	A	A
SDE_34	C	C	A	A	A	A	C	C	T	T	A	A	C	C	T	T	C	C	A	A	G	G	C	C	T	T	T	T	A	A	C	C	A	A	A	A	G	G	A	A	C	C	G	G	G	G	T	T	G	G	G	G	T	T	A	A	T	T	A	A	G	G	A	A	A	A	0	0	C	C	A	A	G	G	A	A	C	C	C	C	A	A	A	A	G	G	T	T	G	G	G	G	G	G	T	T	A	A	T	T	A	A	A	A	T	T	T	T	T	T	A	A	G	C	G	G	C	C	T	T	0	0	A	A	C	C	G	G	T	T	C	C	T	T	C	C	G	G	G	G	C	C	T	T	G	G	G	G	C	C	G	G	T	T	C	C	G	G	A	A	A	A	G	G	C	C	T	T	A	A	A	A	C	C	T	T	C	C	A	A
SDE_35	C	C	A	A	A	A	C	C	T	T	A	A	C	C	T	T	C	C	A	A	G	G	C	C	T	T	T	T	A	A	C	C	A	A	A	A	G	G	A	A	C	C	G	G	G	G	T	T	G	G	G	G	T	T	A	A	T	T	A	A	G	G	A	A	A	A	0	0	C	C	A	A	G	G	A	A	C	C	C	C	A	A	A	A	G	G	T	T	G	G	G	G	G	G	T	T	A	A	T	T	A	A	A	A	T	T	T	T	T	T	A	A	G	C	G	G	C	C	T	T	0	0	A	A	C	C	G	G	T	T	C	C	T	T	C	C	G	G	G	G	C	C	T	T	G	G	G	G	C	C	G	G	T	T	C	C	G	G	A	A	A	A	G	G	C	C	T	T	A	A	A	A	C	C	T	T	C	C	A	A
SDE_36	C	C	A	A	A	A	C	C	T	T	A	A	C	C	T	T	C	C	A	A	G	G	C	C	T	T	T	T	A	A	C	C	A	A	A	A	G	G	A	A	C	C	G	G	G	G	T	T	G	G	G	G	T	T	A	A	T	T	A	A	G	G	A	A	A	A	0	0	C	C	A	A	G	G	A	A	C	C	C	C	A	A	A	A	G	G	T	T	G	G	G	G	G	G	T	T	A	A	T	T	A	A	A	A	T	T	T	T	T	T	A	A	G	C	G	G	C	C	T	T	0	0	A	A	C	C	G	G	T	T	C	C	T	T	C	C	G	G	G	G	C	C	T	T	G	G	G	G	C	C	G	G	T	T	C	C	G	G	A	A	A	A	G	G	C	C	T	T	A	A	A	A	C	C	T	T	C	C	A	A
SDE_37	C	C	A	A	A	A	C	C	T	T	A	A	C	C	T	T	C	C	A	A	G	G	C	C	T	T	T	T	A	A	C	C	A	A	A	A	G	G	A	A	C	C	G	G	G	G	T	T	G	G	G	G	T	T	A	A	T	T	A	A	G	G	A	A	A	A	0	0	C	C	A	A	G	G	A	A	C	C	C	C	A	A	A	A	G	G	T	T	G	G	G	G	G	G	T	T	A	A	T	T	A	A	A	A	T	T	T	T	T	T	A	A	G	C	G	G	C	C	T	T	0	0	A	A	C	C	G	G	T	T	C	C	T	T	C	C	G	G	G	G	C	C	T	T	G	G	G	G	C	C	G	G	T	T	C	C	G	G	A	A	A	A	G	G	C	C	T	T	A	A	A	A	C	C	T	T	C	C	A	A
SDE_38	C	C	A	A	A	A	C	C	T	T	A	A	C	C	T	T	C	C	A	A	G	G	C	C	T	T	T	T	A	A	C	C	A	A	A	A	G	G	A	A	C	C	G	G	G	G	T	T	G	G	G	G	T	T	A	A	T	T	A	A	G	G	A	A	A	A	0	0	C	C	A	A	G	G	A	A	C	C	C	C	A	A	A	A	G	G	T	T	G	G	G	G	G	G	T	T	A	A	T	T	A	A	A	A	T	T	T	T	T	T	A	A	G	C	G	G	C	C	T	T	0	0	A	A	C	C	G	G	T	T	C	C	T	T	C	C	G	G	G	G	C	C	T	T	G	G	G	G	C	C	G	G	T	T	C	C	G	G	A	A	A	A	G	G	C	C	T	T	A	A	A	A	C	C	T	T	C	C	A	A
SDE_39	C	C	A	A	A	A	C	C	T	T	A	A	C	C	T	T	C	C	A	A	0	0	C	C	T	T	T	T	A	A	C	C	A	A	A	A	G	G	A	A	C	C	G	G	G	G	T	T	G	G	G	G	T	T	A	A	T	T	A	A	G	G	A	A	A	A	0	0	C	C	A	A	G	G	A	A	C	C	C	C	A	A	A	A	G	G	T	T	G	G	G	G	G	G	T	T	A	A	T	T	A	A	A	A	T	T	T	T	T	T	A	A	G	C	G	G	C	C	T	T	0	0	A	A	C	C	G	G	T	T	C	C	T	T	C	C	G	G	G	G	C	C	T	T	G	G	G	G	C	C	G	G	T	T	C	C	G	G	A	A	A	A	G	G	C	C	T	T	A	A	A	A	C	C	T	T	C	C	A	A
SDE_40	C	C	A	A	A	A	C	C	T	T	A	A	C	C	T	T	C	C	A	A	G	G	C	C	T	T	T	T	A	A	C	C	A	A	A	A	G	G	A	A	C	C	G	G	G	G	T	T	G	G	G	G	T	T	A	A	T	T	A	A	G	G	A	A	A	A	0	0	C	C	A	A	G	G	A	A	C	C	C	C	A	A	A	A	G	G	T	T	G	G	G	G	G	G	T	T	A	A	T	T	A	A	A	A	T	T	T	T	T	T	A	A	G	C	G	G	C	C	T	T	0	0	A	A	C	C	G	G	T	T	C	C	T	T	C	C	G	G	G	G	C	C	T	T	G	G	G	G	C	C	G	G	T	T	C	C	G	G	A	A	A	A	G	G	C	C	T	T	A	A	A	A	C	C	T	T	C	C	A	A
SDE_41	C	C	A	A	A	A	C	C	T	T	A	A	C	C	T	T	C	C	A	A	G	G	C	C	T	T	T	T	A	A	C	C	A	A	A	A	G	G	A	A	C	C	G	G	G	G	T	T	G	G	G	G	T	T	A	A	T	T	A	A	G	G	A	A	A	A	0	0	C	C	A	A	G	G	A	A	C	C	C	C	A	A	A	A	G	G	T	T	G	G	G	G	G	G	T	T	A	A	T	T	A	A	A	A	T	T	T	T	T	T	A	A	G	C	G	G	C	C	T	T	0	0	A	A	0	0	G	G	T	T	C	C	T	T	C	C	G	G	G	G	C	C	T	T	G	G	G	G	C	C	G	G	T	T	C	C	G	G	A	A	A	A	G	G	C	C	T	T	A	A	A	A	C	C	T	T	C	C	A	A
SDE_42	C	C	A	A	A	A	C	C	T	T	A	A	C	C	T	T	C	C	A	A	G	G	C	C	T	T	T	T	A	A	C	C	A	A	A	A	G	G	A	A	C	C	G	G	G	G	T	T	G	G	G	G	T	T	A	A	T	T	A	A	G	G	A	A	A	A	0	0	C	C	A	A	G	G	A	A	C	C	C	C	A	A	A	A	G	G	T	T	G	G	G	G	G	G	T	T	A	A	T	T	A	A	A	A	T	T	T	T	T	T	A	A	G	C	G	G	C	C	T	T	0	0	A	A	C	C	G	G	T	T	C	C	T	T	C	C	G	G	G	G	C	C	T	T	G	G	G	G	C	C	G	G	T	T	C	C	G	G	A	A	A	A	G	G	C	C	T	T	A	A	A	A	C	C	T	T	0	0	A	A
SDE_43	C	C	A	A	A	A	C	C	T	T	A	A	C	C	T	T	C	C	A	A	G	G	C	C	T	T	T	T	A	A	C	C	A	A	A	A	G	G	A	A	C	C	G	G	G	G	T	T	G	G	G	G	T	T	A	A	T	T	A	A	G	G	A	A	A	A	0	0	C	C	A	A	G	G	A	A	C	C	C	C	A	A	A	A	G	G	T	T	G	G	G	G	G	G	T	T	A	A	T	T	A	A	A	A	T	T	T	T	T	T	A	A	G	C	G	G	C	C	T	T	0	0	A	A	C	C	G	G	T	T	C	C	T	T	C	C	G	G	G	G	C	C	T	T	G	G	G	G	C	C	G	G	T	T	C	C	G	G	A	A	A	A	G	G	C	C	T	T	A	A	A	A	C	C	T	T	C	C	A	A
SDE_44	C	C	A	A	A	A	C	C	T	T	A	A	C	C	T	T	C	C	A	A	G	G	C	C	T	T	T	T	A	A	C	C	A	A	A	A	G	G	A	A	C	C	G	G	G	G	T	T	G	G	G	G	T	T	A	A	T	T	A	A	G	G	A	A	A	A	0	0	C	C	A	A	G	G	A	A	C	C	C	C	A	A	A	A	G	G	T	T	G	G	G	G	G	G	T	T	A	A	T	T	A	A	A	A	T	T	T	T	T	T	A	A	G	C	G	G	C	C	T	T	0	0	A	A	C	C	G	G	T	T	C	C	T	T	C	C	G	G	G	G	C	C	T	T	G	G	G	G	C	C	G	G	T	T	C	C	G	G	A	A	A	A	G	G	C	C	T	T	A	A	A	A	C	C	T	T	C	C	A	A
SDE_45	C	C	A	A	A	A	C	C	T	T	A	A	C	C	T	T	C	C	A	A	0	0	C	C	T	T	T	T	A	A	C	C	A	A	A	A	G	G	A	A	C	C	G	G	G	G	T	T	G	G	G	G	T	T	A	A	T	T	A	A	G	G	A	A	A	A	0	0	C	C	A	A	G	G	A	A	C	C	C	C	A	A	A	A	G	G	T	T	G	G	G	G	G	G	T	T	A	A	T	T	A	A	A	A	T	T	T	T	T	T	A	A	G	C	G	G	C	C	T	T	0	0	A	A	C	C	G	G	T	T	C	C	T	T	C	C	G	G	G	G	C	C	T	T	G	G	G	G	C	C	G	G	T	T	C	C	G	G	A	A	A	A	G	G	C	C	T	T	A	A	A	A	C	C	T	T	C	C	A	A
SDE_46	C	C	A	A	A	A	C	C	T	T	A	A	C	C	T	T	C	C	A	A	G	G	C	C	T	T	T	T	A	A	C	C	A	A	A	A	G	G	A	A	C	C	G	G	G	G	T	T	G	G	G	G	T	T	A	A	T	T	A	A	G	G	A	A	A	A	0	0	C	C	A	A	G	G	A	A	C	C	C	C	A	A	A	A	G	G	T	T	G	G	G	G	G	G	T	T	A	A	T	T	A	A	A	A	T	T	T	T	T	T	A	A	G	C	G	G	C	C	T	T	0	0	A	A	C	C	G	G	T	T	C	C	T	T	C	C	G	G	G	G	C	C	T	T	G	G	G	G	C	C	G	G	T	T	C	C	G	G	A	A	A	A	G	G	C	C	T	T	A	A	A	A	C	C	T	T	C	C	A	A
SDE_47	C	C	A	A	A	A	C	C	T	T	A	A	C	C	T	T	C	C	A	A	G	G	C	C	T	T	T	T	A	A	C	C	A	A	A	A	G	G	A	A	C	C	G	G	G	G	T	T	G	G	G	G	T	T	A	A	T	T	A	A	G	G	A	A	A	A	0	0	C	C	A	A	G	G	A	A	C	C	C	C	A	A	A	A	G	G	T	T	G	G	G	G	G	G	T	T	A	A	T	T	A	A	A	A	T	T	T	T	T	T	A	A	G	C	G	G	C	C	T	T	0	0	A	A	C	C	G	G	T	T	C	C	T	T	C	C	G	G	G	G	C	C	T	T	G	G	G	G	C	C	G	G	T	T	C	C	G	G	A	A	A	A	G	G	C	C	T	T	A	A	A	A	C	C	T	T	C	C	A	A
SDE_48	C	C	A	A	A	A	C	C	T	T	A	A	C	C	T	T	C	C	A	A	G	G	C	C	T	T	T	T	A	A	C	C	A	A	A	A	G	G	A	A	C	C	G	G	G	G	T	T	G	G	G	G	T	T	A	A	T	T	A	A	G	G	A	A	A	A	0	0	C	C	A	A	G	G	A	A	C	C	C	C	A	A	A	A	G	G	T	T	G	G	G	G	G	G	T	T	A	A	T	T	A	A	A	A	T	T	T	T	T	T	A	A	G	C	G	G	C	C	T	T	0	0	A	A	C	C	G	G	T	T	C	C	T	T	C	C	G	G	G	G	C	C	T	T	G	G	G	G	C	C	G	G	T	T	C	C	G	G	A	A	A	A	G	G	C	C	T	T	A	A	A	A	C	C	T	T	C	C	A	A
SDE_49	C	C	A	A	A	A	C	C	T	T	A	A	C	C	T	T	C	C	A	A	G	G	C	C	T	T	T	T	A	A	C	C	A	A	A	A	G	G	A	A	C	C	G	G	G	G	T	T	G	G	G	G	T	T	A	A	T	T	A	A	G	G	A	A	A	A	0	0	C	C	A	A	G	G	A	A	C	C	C	C	A	A	A	A	G	G	T	T	G	G	G	G	G	G	T	T	A	A	T	T	A	A	A	A	T	T	T	T	T	T	A	A	G	C	G	G	C	C	T	T	0	0	A	A	C	C	G	G	T	T	C	C	T	T	C	C	G	G	G	G	C	C	T	T	G	G	G	G	C	C	G	G	T	T	C	C	G	G	A	A	A	A	G	G	C	C	T	T	A	A	A	A	C	C	T	T	C	C	A	A
SDE_50	C	C	A	A	A	A	C	C	T	T	A	A	C	C	T	T	C	C	A	A	G	G	C	C	T	T	T	T	A	A	C	C	A	A	A	A	G	G	A	A	C	C	G	G	G	G	T	T	G	G	G	G	T	T	A	A	T	T	A	A	G	G	A	A	A	A	0	0	C	C	A	A	G	G	A	A	C	C	C	C	A	A	A	A	G	G	T	T	G	G	G	G	G	G	T	T	A	A	T	T	A	A	A	A	T	T	T	T	T	T	A	A	G	C	G	G	C	C	T	T	0	0	A	A	C	C	G	G	T	T	C	C	T	T	C	C	G	G	G	G	C	C	T	T	G	G	G	G	C	C	G	G	T	T	C	C	G	G	A	A	A	A	G	G	C	C	T	T	A	A	A	A	C	C	T	T	C	C	A	A
SDE_51	C	C	A	A	A	A	C	C	T	T	A	A	C	C	T	T	C	C	A	A	G	G	C	C	T	T	T	T	A	A	C	C	A	A	A	A	G	G	A	A	C	C	G	G	G	G	T	T	G	G	G	G	T	T	A	A	T	T	A	A	G	A	A	A	A	A	0	0	C	C	A	A	G	G	A	A	C	C	C	C	A	A	A	A	G	G	T	T	G	G	G	G	G	G	T	T	A	A	T	T	A	A	A	A	T	T	T	T	T	T	A	A	G	C	G	G	C	C	T	T	0	0	A	A	C	C	G	G	T	T	C	C	T	T	C	C	G	G	G	G	C	C	T	T	G	G	G	G	C	C	G	G	T	T	C	C	G	G	A	A	A	A	G	G	C	C	T	T	A	A	A	A	C	C	T	T	C	C	A	A
SDE_52	C	C	A	A	A	A	C	C	T	T	A	A	C	C	T	T	C	C	A	A	G	G	C	C	T	T	T	T	A	A	C	C	A	A	A	A	G	G	A	A	C	C	G	G	G	G	T	T	G	G	G	G	T	T	A	A	T	T	A	A	G	G	A	A	A	A	0	0	C	C	A	A	G	G	A	A	C	C	C	C	A	A	A	A	G	G	T	T	G	G	G	G	G	G	T	T	A	A	T	T	A	A	A	A	T	T	T	T	T	T	A	A	G	C	G	G	C	C	T	T	0	0	A	A	C	C	G	G	T	T	C	C	T	T	C	C	G	G	G	G	C	C	T	T	G	G	G	G	C	C	G	G	T	T	C	C	G	G	A	A	A	A	G	G	C	C	T	T	A	A	A	A	C	C	T	T	C	C	A	A
SDE_53	C	C	A	A	A	A	C	C	T	T	A	A	C	C	T	T	C	C	A	A	G	G	C	C	T	T	T	T	A	A	C	C	A	A	A	A	G	G	A	A	C	C	G	G	G	G	T	T	G	G	G	G	T	T	A	A	T	T	A	A	G	G	A	A	A	A	0	0	C	C	A	A	G	G	A	A	C	C	C	C	A	A	A	A	G	G	T	T	G	G	G	G	G	G	T	T	A	A	T	T	A	A	A	A	T	T	T	T	T	T	A	A	G	C	G	G	C	C	T	T	0	0	A	A	C	C	G	G	T	T	C	C	T	T	C	C	G	G	G	G	C	C	T	T	G	G	G	G	C	C	G	G	T	T	C	C	G	G	A	A	A	A	G	G	C	C	T	T	A	A	A	A	C	C	T	T	C	C	A	A
SDE_54	C	C	A	A	A	A	C	C	T	T	A	A	C	C	T	T	C	C	A	A	G	G	C	C	T	T	T	T	A	A	C	C	A	A	A	A	G	G	A	A	C	C	G	G	G	G	T	T	G	G	G	G	T	T	A	A	T	T	A	A	G	G	A	A	A	A	0	0	C	C	A	A	G	G	A	A	C	C	C	C	A	A	A	A	G	G	T	T	G	G	G	G	G	G	T	T	A	A	T	T	A	A	A	A	T	T	T	T	T	T	A	A	G	C	G	G	C	C	T	T	0	0	A	A	C	C	G	G	T	T	C	C	T	T	C	C	G	G	G	G	C	C	T	T	G	G	G	G	C	C	G	G	T	T	C	C	G	G	A	A	A	A	G	G	C	C	T	T	A	A	A	A	C	C	T	T	C	C	A	A
SDE_55	C	C	A	A	A	A	C	C	T	T	A	A	C	C	T	T	C	C	A	A	G	G	C	C	T	T	T	T	A	A	C	C	A	A	A	A	G	G	A	A	C	C	G	G	G	G	T	T	G	G	G	G	T	T	A	A	T	T	A	A	G	G	A	A	A	A	0	0	C	C	A	A	G	G	A	A	C	C	C	C	A	A	A	A	G	G	T	T	G	G	G	G	G	G	T	T	A	A	T	T	A	A	A	A	T	T	T	T	T	T	A	A	G	C	G	G	C	C	T	T	0	0	A	A	C	C	G	G	T	T	C	C	T	T	C	C	G	G	G	G	C	C	T	T	G	G	G	G	C	C	G	G	T	T	C	C	G	G	A	A	A	A	G	G	C	C	T	T	A	A	A	A	C	C	T	T	C	C	A	A
SDE_56	C	C	A	A	A	A	C	C	T	T	A	A	C	C	T	T	C	C	A	A	G	G	C	C	T	T	T	T	A	A	C	C	A	A	A	A	G	G	A	A	C	C	G	G	G	G	T	T	G	G	G	G	T	T	A	A	T	T	A	A	G	G	A	A	A	A	0	0	C	C	A	A	G	G	A	A	C	C	C	C	A	A	A	A	G	G	T	T	G	G	G	G	G	G	T	T	A	A	T	T	A	A	A	A	T	T	T	T	T	T	A	A	G	C	G	G	C	C	T	T	0	0	A	A	C	C	G	G	T	T	C	C	T	T	C	C	G	G	G	G	C	C	T	T	G	G	G	G	C	C	G	G	T	T	C	C	G	G	A	A	A	A	G	G	C	C	T	T	A	A	A	A	C	C	T	T	C	C	A	A
SDE_57	C	C	A	A	A	A	C	C	T	T	A	A	C	C	T	T	C	C	A	A	G	G	C	C	T	T	T	T	A	A	C	C	A	A	A	A	G	G	A	A	C	C	G	G	G	G	T	T	G	G	G	G	T	T	A	A	T	T	A	A	G	G	A	A	A	A	0	0	C	C	A	A	G	G	A	A	C	C	C	C	A	A	A	A	G	G	T	T	G	G	G	G	G	G	T	T	A	A	T	T	A	A	A	A	T	T	T	T	T	T	A	A	G	C	G	G	C	C	T	T	0	0	A	A	C	C	G	G	T	T	C	C	T	T	C	C	G	G	G	G	C	C	T	T	G	G	G	G	C	C	G	G	T	T	C	C	G	G	A	A	A	A	G	G	C	C	T	T	A	A	A	A	C	C	T	T	C	C	A	A
SDE_58	C	C	A	A	A	A	C	C	T	T	A	A	C	C	T	T	C	C	A	A	G	G	C	C	T	T	T	T	A	A	C	C	A	A	A	A	G	G	A	A	C	C	G	G	G	G	T	T	G	G	G	G	T	T	A	A	T	T	A	A	G	G	A	A	A	A	0	0	C	C	A	A	G	G	A	A	C	C	C	C	A	A	A	A	G	G	T	T	G	G	G	G	G	G	T	T	A	A	T	T	A	A	A	A	T	T	T	T	T	T	A	A	G	C	G	G	C	C	T	T	0	0	A	A	C	C	G	G	T	T	C	C	T	T	C	C	G	G	G	G	C	C	T	T	G	G	G	G	C	C	G	G	T	T	C	C	G	G	A	A	A	A	G	G	C	C	T	T	A	A	A	A	C	C	T	T	C	C	A	A
SDE_59	C	C	A	A	A	A	C	C	T	T	A	A	C	C	T	T	C	C	A	A	G	G	C	C	T	T	T	T	A	A	C	C	A	A	A	A	G	G	A	A	C	C	G	G	G	G	T	T	G	G	G	G	T	T	A	A	T	T	A	A	G	G	A	A	A	A	0	0	C	C	A	A	G	G	A	A	C	C	C	C	A	A	A	A	G	G	T	T	G	G	G	G	G	G	T	T	A	A	T	T	A	A	A	A	T	T	T	T	T	T	A	A	G	C	G	G	C	C	T	T	0	0	A	A	C	C	G	G	T	T	C	C	T	T	C	C	G	G	G	G	C	C	T	T	G	G	G	G	C	C	G	G	T	T	C	C	G	G	A	A	A	A	G	G	C	C	T	T	A	A	A	A	C	C	T	T	C	C	A	A
SDE_60	C	C	A	A	A	A	C	C	T	T	A	A	C	C	T	T	C	C	A	A	0	0	C	C	T	T	T	T	A	A	C	C	A	A	A	A	G	G	A	A	C	C	G	G	G	G	T	T	G	G	G	G	T	T	A	A	T	T	A	A	G	G	A	A	A	A	0	0	C	C	A	A	G	G	A	A	C	C	C	C	A	A	A	A	G	G	T	T	G	G	G	G	G	G	T	T	A	A	T	T	A	A	A	A	T	T	T	T	T	T	A	A	G	C	G	G	C	C	T	T	0	0	A	A	C	C	G	G	T	T	C	C	T	T	C	C	G	G	G	G	C	C	T	T	G	G	G	G	C	C	G	G	T	T	C	C	G	G	A	A	A	A	G	G	C	C	T	T	A	A	A	A	C	C	T	T	C	C	A	A
SDE_61	C	C	A	A	A	A	C	C	T	T	A	A	C	C	T	T	C	C	A	A	G	G	C	C	T	T	T	T	A	A	C	C	A	A	A	A	G	G	A	A	C	C	G	G	G	G	T	T	G	G	G	G	T	T	A	A	T	T	A	A	G	G	A	A	A	A	0	0	C	C	A	A	G	G	A	A	C	C	C	C	A	A	A	A	G	G	T	T	G	G	G	G	G	G	T	T	A	A	T	T	A	A	A	A	T	T	T	T	T	T	A	A	G	C	G	G	C	C	T	T	0	0	A	A	C	C	G	G	T	T	C	C	T	T	C	C	G	G	G	G	C	C	T	T	G	G	G	G	C	C	G	G	T	T	C	C	G	G	A	A	A	A	G	G	C	C	T	T	A	A	A	A	C	C	T	T	C	C	A	A
SDE_62	C	C	A	A	A	A	C	C	T	T	A	A	C	C	T	T	C	C	A	A	0	0	C	C	T	T	T	T	A	A	C	C	A	A	A	A	G	G	A	A	C	C	G	G	G	G	T	T	G	G	G	G	T	T	A	A	T	T	A	A	G	G	A	A	A	A	0	0	C	C	A	A	G	G	A	A	C	C	C	C	A	A	A	A	G	G	T	T	G	G	G	G	G	G	T	T	A	A	T	T	A	A	A	A	T	T	T	T	T	T	A	A	G	C	G	G	C	C	T	T	0	0	A	A	0	0	G	G	T	T	C	C	T	T	C	C	G	G	G	G	C	C	T	T	G	G	G	G	C	C	G	G	T	T	C	C	G	G	A	A	A	A	G	G	C	C	0	0	A	A	A	A	C	C	T	T	C	C	A	A
SDE_63	C	C	A	A	A	A	C	C	T	T	A	A	C	C	T	T	C	C	A	A	G	G	C	C	T	T	T	T	A	A	C	C	A	A	A	A	G	G	A	A	C	C	G	G	G	G	T	T	G	G	G	G	T	T	A	A	T	T	A	A	G	G	A	A	A	A	0	0	C	C	A	A	G	G	A	A	C	C	C	C	A	A	A	A	G	G	T	T	G	G	G	G	G	G	T	T	A	A	T	T	A	A	A	A	T	T	T	T	T	T	A	A	G	C	G	G	C	C	T	T	0	0	A	A	C	C	G	G	T	T	C	C	T	T	C	C	G	G	G	G	C	C	T	T	G	G	G	G	C	C	G	G	T	T	C	C	G	G	A	A	A	A	G	G	C	C	T	T	A	A	A	A	C	C	T	T	C	C	A	A
SDE_64	C	C	A	A	A	A	C	C	T	T	A	A	C	C	T	T	C	C	A	A	G	G	C	C	T	T	T	T	A	A	C	C	A	A	A	A	G	G	A	A	C	C	G	G	G	G	T	T	G	G	G	G	T	T	A	A	T	T	A	A	G	G	A	A	A	A	0	0	C	C	A	A	G	G	A	A	C	C	C	C	A	A	A	A	G	G	T	T	G	G	G	G	G	G	T	T	A	A	T	T	A	A	A	A	T	T	T	T	T	T	A	A	G	C	G	G	C	C	T	T	0	0	A	A	C	C	G	G	T	T	C	C	T	T	C	C	G	G	G	G	C	C	T	T	G	G	G	G	C	C	G	G	T	T	C	C	G	G	A	A	A	A	G	G	C	C	T	T	A	A	A	A	C	C	T	T	C	C	A	A
SDE_65	C	C	A	A	A	A	C	C	T	T	A	A	C	C	T	T	C	C	A	A	G	G	C	C	T	T	T	T	A	A	C	C	A	A	A	A	G	G	A	A	C	C	G	G	G	G	T	T	G	G	G	G	T	T	A	A	T	T	A	A	G	G	A	A	A	A	0	0	C	C	A	A	G	G	A	A	C	C	C	C	A	A	A	A	G	G	T	T	G	G	G	G	G	G	T	T	A	A	T	T	A	A	A	A	T	T	T	T	T	T	A	A	G	C	G	G	C	C	T	T	0	0	A	A	C	C	G	G	T	T	C	C	T	T	C	C	G	G	G	G	C	C	T	T	G	G	G	G	C	C	G	G	T	T	C	C	G	G	A	A	A	A	G	G	C	C	T	T	A	A	A	A	C	C	T	T	C	C	A	A
SDE_66	C	C	A	A	A	A	C	C	T	T	A	A	C	C	T	T	C	C	A	A	G	G	C	C	T	T	T	T	A	A	C	C	A	A	A	A	G	G	A	A	C	C	G	G	G	G	T	T	G	G	G	G	T	T	A	A	T	T	A	A	G	G	A	A	A	A	0	0	C	C	A	A	G	G	A	A	C	C	C	C	A	A	A	A	G	G	T	T	G	G	G	G	G	G	T	T	A	A	T	T	A	A	A	A	T	T	T	T	T	T	A	A	G	C	G	G	C	C	T	T	0	0	A	A	C	C	G	G	T	T	C	C	T	T	C	C	G	G	G	G	C	C	T	T	G	G	G	G	C	C	G	G	T	T	C	C	G	G	A	A	A	A	G	G	C	C	T	T	A	A	A	A	C	C	T	T	C	C	A	A
SDE_67	C	C	A	A	A	A	C	C	T	T	A	A	C	C	T	T	C	C	A	A	G	G	C	C	T	T	T	T	A	A	C	C	A	A	A	A	G	G	A	A	C	C	G	G	G	G	T	T	G	G	G	G	T	T	A	A	T	T	A	A	G	G	A	A	A	A	0	0	C	C	A	A	G	G	A	A	C	C	C	C	A	A	A	A	G	G	T	T	G	G	G	G	G	G	T	T	A	A	T	T	A	A	A	A	T	T	T	T	T	T	A	A	G	C	G	G	C	C	T	T	0	0	A	A	C	C	G	G	T	T	C	C	T	T	C	C	G	G	G	G	C	C	T	T	G	G	G	G	C	C	G	G	T	T	C	C	G	G	A	A	A	A	G	G	C	C	T	T	A	A	A	A	C	C	T	T	C	C	A	A
SDE_68	C	C	A	A	A	A	C	C	T	T	A	A	C	C	T	T	C	C	A	A	G	G	C	C	T	T	T	T	A	A	C	C	0	0	A	A	G	G	A	A	C	C	G	G	G	G	T	T	G	G	G	G	T	T	A	A	T	T	A	A	G	G	A	A	A	A	0	0	C	C	A	A	G	G	A	A	C	C	C	C	A	A	A	A	G	G	T	T	G	G	G	G	G	G	T	T	A	A	T	T	A	A	A	A	T	T	T	T	T	T	A	A	G	C	G	G	C	C	T	T	0	0	A	A	C	C	G	G	T	T	C	C	T	T	C	C	G	G	G	G	C	C	T	T	G	G	G	G	C	C	G	G	T	T	C	C	G	G	A	A	A	A	G	G	C	C	T	T	A	A	A	A	C	C	T	T	C	C	A	A
SDE_69	C	C	A	A	A	A	C	C	T	T	A	A	C	C	T	T	C	C	A	A	G	G	C	C	T	T	T	T	A	A	C	C	A	A	A	A	G	G	A	A	C	C	G	G	G	G	T	T	G	G	G	G	T	T	A	A	T	T	A	A	G	G	A	A	A	A	0	0	C	C	A	A	G	G	A	A	C	C	C	C	A	A	A	A	G	G	T	T	G	G	G	G	G	G	T	T	A	A	T	T	A	A	A	A	T	T	T	T	T	T	A	A	G	C	G	G	C	C	T	T	0	0	A	A	C	C	G	G	T	T	C	C	T	T	C	C	G	G	G	G	C	C	T	T	G	G	G	G	C	C	G	G	T	T	C	C	G	G	A	A	A	A	G	G	C	C	T	T	A	A	A	A	C	C	T	T	C	C	A	A
SDE_70	C	C	A	A	A	A	C	C	T	T	A	A	C	C	T	T	C	C	A	A	G	G	C	C	T	T	T	T	A	A	C	C	A	A	A	A	G	G	A	A	C	C	G	G	G	G	T	T	G	G	G	G	T	T	A	A	T	T	A	A	G	G	A	A	A	A	0	0	C	C	A	A	G	G	A	A	C	C	C	C	A	A	A	A	G	G	T	T	G	G	G	G	G	G	T	T	A	A	T	T	A	A	A	A	T	T	T	T	T	T	A	A	G	C	G	G	C	C	T	T	0	0	A	A	C	C	G	G	T	T	C	C	T	T	C	C	G	G	G	G	C	C	T	T	G	G	G	G	C	C	G	G	T	T	C	C	G	G	A	A	A	A	G	G	C	C	T	T	A	A	A	A	C	C	T	T	C	C	A	A
SI2-2 B-23	G	C	G	A	C	C	T	C	T	T	G	A	T	T	T	T	T	C	A	A	G	G	T	C	T	T	T	C	C	A	C	C	G	A	G	A	G	G	A	A	C	C	G	G	G	C	T	T	0	0	G	G	T	G	A	A	T	A	G	A	G	A	T	A	G	A	0	0	C	C	A	A	T	G	A	A	C	A	T	C	A	A	G	A	T	G	T	T	G	G	G	A	G	G	T	C	C	A	T	C	T	A	T	A	T	T	T	T	T	A	T	A	G	C	G	G	C	C	T	T	A	A	A	A	C	C	G	A	T	G	C	A	T	T	C	C	G	A	G	C	T	C	T	A	G	G	T	G	C	C	G	G	T	C	T	C	G	A	A	A	T	A	G	G	C	C	T	C	A	A	A	A	A	A	T	T	A	A	G	G
SI2-2 C-1	G	C	A	A	C	C	T	C	T	T	A	A	C	C	T	A	C	C	A	A	G	G	T	C	T	T	T	C	C	A	C	C	0	0	A	A	G	C	T	A	C	C	G	G	G	G	T	T	G	G	G	G	T	G	A	A	T	T	G	A	G	A	A	A	A	A	0	0	G	C	A	A	T	G	A	A	C	C	C	C	0	0	A	A	G	G	T	T	G	A	G	G	G	C	T	C	C	A	T	C	A	A	T	A	T	C	T	C	T	A	A	A	G	C	G	A	C	C	T	T	A	A	A	A	C	C	G	A	T	T	C	A	T	T	T	C	G	G	G	G	T	C	T	T	G	A	T	T	C	C	G	G	T	C	T	C	A	A	A	A	T	A	G	G	C	C	T	C	A	A	C	A	A	A	0	0	A	A	G	G
SI2-2 C-3	C	C	A	A	A	A	C	C	T	T	A	A	C	C	T	T	C	C	A	A	0	0	C	C	T	T	T	T	A	A	C	C	A	A	A	A	G	G	A	A	C	C	G	G	G	G	T	T	G	G	G	G	T	T	A	A	T	T	A	A	G	G	A	A	A	A	0	0	C	C	A	A	G	G	A	A	C	C	C	C	A	A	A	A	G	G	T	T	G	G	G	G	G	G	T	T	0	0	T	T	A	A	A	A	T	T	T	T	T	T	A	A	G	C	G	G	C	C	T	T	0	0	A	A	C	C	G	G	T	T	C	C	T	T	C	C	G	G	G	G	C	C	T	T	G	G	G	G	C	C	G	G	T	T	C	C	G	G	A	A	A	A	T	T	C	C	T	T	A	A	A	A	C	C	T	T	C	C	A	A
SI2-2 C-4	G	C	G	A	C	C	T	C	T	T	G	A	C	C	0	0	C	C	A	A	0	0	T	C	T	T	T	C	A	A	T	C	G	A	A	A	G	C	T	A	C	C	G	G	G	G	T	T	G	G	G	G	T	G	A	A	T	T	G	A	G	A	T	A	G	A	0	0	G	C	A	A	T	G	G	A	C	C	T	C	A	A	A	A	G	G	T	T	G	G	G	A	G	C	T	C	A	A	T	C	T	A	T	A	T	C	T	T	T	A	A	A	G	C	G	A	T	C	T	C	A	A	A	A	C	C	G	A	T	G	C	A	T	T	T	C	G	A	G	G	T	C	T	T	G	G	G	G	C	C	G	G	T	C	T	C	G	A	A	A	T	A	G	G	C	C	T	C	A	A	C	A	A	A	T	T	A	A	G	G
SI2-2 C-5	G	C	G	A	C	C	T	C	T	T	A	A	C	C	T	A	C	C	A	A	0	0	C	C	T	T	T	C	A	A	C	C	A	A	A	A	G	G	A	A	C	C	G	G	G	G	T	T	G	G	G	G	T	T	A	A	T	T	A	A	G	A	T	A	G	A	0	0	C	C	A	A	T	G	G	A	C	C	C	C	A	A	G	A	G	G	T	T	G	G	G	G	G	G	T	C	A	A	T	T	A	A	A	A	T	C	T	T	T	A	T	A	G	C	G	G	T	C	T	T	0	0	G	A	C	C	G	A	T	T	C	A	T	T	T	C	G	A	G	G	C	C	T	T	G	G	0	0	C	C	G	G	T	C	T	C	G	A	A	A	T	A	G	G	C	C	T	C	A	A	A	A	A	A	T	T	A	A	G	G
TI-01	G	G	G	G	C	C	T	T	C	C	G	G	T	T	A	A	T	T	G	G	0	0	T	T	G	G	C	C	C	C	T	T	G	G	G	G	C	C	T	T	0	0	0	0	0	0	0	0	0	0	0	0	G	G	0	0	A	A	G	G	A	A	T	T	G	G	T	T	G	G	G	G	T	T	G	G	A	A	T	T	T	T	G	G	T	T	A	A	A	A	A	A	C	C	C	C	C	C	C	C	T	T	T	T	C	C	C	C	A	A	T	T	C	C	A	A	T	T	C	C	A	A	G	G	0	0	A	A	G	G	A	A	C	C	T	T	A	A	C	C	T	T	A	A	A	A	T	T	0	0	A	A	C	C	T	T	A	A	0	0	T	T	T	T	T	T	C	C	T	T	C	C	A	A	0	0	A	A	G	G
TI-02	G	G	G	G	C	C	T	T	C	C	G	G	T	T	A	A	T	T	0	0	0	0	T	T	G	G	C	C	C	C	T	T	G	G	G	G	C	C	T	T	C	C	0	0	0	0	0	0	0	0	0	0	G	G	0	0	A	A	G	G	A	A	T	T	G	G	T	T	G	G	G	G	T	T	G	G	A	A	T	T	T	T	G	G	T	T	A	A	A	A	A	A	C	C	C	C	C	C	C	C	T	T	T	T	C	C	C	C	A	A	T	T	C	C	A	A	T	T	C	C	A	A	G	G	C	C	A	A	G	G	A	A	C	C	T	T	A	A	C	C	T	T	A	A	A	A	T	T	0	0	A	A	C	C	T	T	A	A	0	0	T	T	T	T	T	C	C	C	T	T	C	C	A	A	0	0	A	A	G	G
TI-03	G	G	G	G	C	C	T	T	C	C	G	G	T	T	A	A	T	T	G	G	0	0	T	T	G	G	C	C	C	C	T	T	G	G	G	G	C	C	T	T	0	0	A	A	C	C	C	C	0	0	A	A	G	G	0	0	A	A	G	G	A	A	T	T	G	G	T	T	G	G	G	G	T	T	G	G	A	A	T	T	T	T	G	G	T	T	A	A	A	A	A	A	C	C	C	C	C	C	C	C	T	T	T	T	C	C	C	C	A	A	T	T	C	C	A	A	T	T	C	C	A	A	G	G	C	C	A	A	G	G	A	A	C	C	T	T	A	A	C	C	T	T	A	A	A	A	T	T	0	0	A	A	C	C	T	T	A	A	0	0	T	T	T	T	T	T	C	C	T	T	C	C	A	A	0	0	A	A	G	G
TI-04	G	G	G	G	C	C	T	T	C	C	G	G	T	T	A	A	T	T	G	G	0	0	T	T	G	G	C	C	C	C	T	T	G	G	G	G	C	C	T	T	A	A	A	A	C	C	C	C	0	0	A	A	G	G	0	0	A	A	G	G	A	A	T	T	G	G	T	T	G	G	G	G	T	T	G	G	A	A	T	T	T	T	G	G	T	T	A	A	A	A	A	A	C	C	C	C	C	C	C	C	T	T	T	T	C	C	C	C	A	A	T	T	C	C	A	A	T	T	C	C	A	A	G	G	C	C	A	A	G	G	A	A	C	C	T	T	A	A	C	C	T	T	A	A	A	A	T	T	0	0	A	A	C	C	T	T	A	A	0	0	T	T	T	T	T	T	C	C	T	T	C	C	A	A	0	0	A	A	G	G
TI-05	G	G	G	G	C	C	T	T	C	C	G	G	T	T	A	A	T	T	G	G	0	0	T	T	G	G	C	C	C	C	T	T	G	G	G	G	C	C	T	T	0	0	A	A	C	C	C	C	0	0	A	A	G	G	0	0	A	A	G	G	A	A	T	T	G	G	T	T	G	G	G	G	T	T	G	G	A	A	T	T	T	T	0	0	T	T	A	A	A	A	A	A	C	C	C	C	C	C	C	C	T	T	T	T	C	C	C	C	A	A	T	T	C	C	A	A	T	T	C	C	A	A	G	G	0	0	A	A	G	G	A	A	C	C	T	T	A	A	C	C	T	T	A	A	A	A	T	T	0	0	A	A	C	C	T	T	A	A	0	0	T	T	T	T	T	T	C	C	T	T	C	C	A	A	0	0	A	A	G	G
TI-06	G	G	G	G	C	C	T	T	C	C	G	G	T	T	A	A	T	T	G	G	0	0	T	T	G	G	C	C	C	C	T	T	G	G	G	G	C	C	0	0	0	0	0	0	C	C	C	C	0	0	0	0	G	G	0	0	A	A	G	G	A	A	T	T	G	G	T	T	G	G	G	G	T	T	G	G	A	A	T	T	T	T	0	0	T	T	A	A	A	A	A	A	C	C	C	C	C	C	C	C	T	T	T	T	C	C	C	C	A	A	T	T	C	C	A	A	T	T	C	C	A	A	G	G	0	0	A	A	G	G	A	A	C	C	T	T	A	A	C	C	T	T	A	A	A	A	T	T	0	0	A	A	C	C	T	T	A	A	0	0	T	T	T	T	T	T	C	C	T	T	C	C	A	A	0	0	A	A	G	G
TI-07	G	G	G	G	C	C	T	T	C	C	G	G	T	T	A	A	T	T	0	0	0	0	T	T	G	G	C	C	C	C	T	T	G	G	G	G	C	C	T	T	0	0	0	0	C	C	C	C	0	0	A	A	G	G	0	0	A	A	G	G	A	A	T	T	G	G	T	T	G	G	G	G	T	T	G	G	A	A	T	T	T	T	G	G	T	T	A	A	A	A	A	A	C	C	C	C	C	C	C	C	T	T	T	T	C	C	C	C	A	A	T	T	C	C	A	A	T	T	C	C	A	A	G	G	0	0	A	A	G	G	A	A	C	C	T	T	A	A	C	C	T	T	A	A	A	A	T	T	0	0	A	A	C	C	T	T	A	A	0	0	T	T	T	T	T	T	C	C	T	T	C	C	A	A	0	0	A	A	G	G
TI-08	0	0	0	0	0	0	0	0	C	C	G	G	0	0	0	0	T	T	0	0	0	0	0	0	0	0	0	0	C	C	0	0	0	0	0	0	C	C	T	T	0	0	0	0	0	0	0	0	0	0	0	0	0	0	0	0	0	0	G	G	A	A	T	T	G	G	T	T	G	G	0	0	T	T	G	G	0	0	T	T	T	T	G	G	T	T	0	0	0	0	0	0	C	C	C	C	0	0	C	C	0	0	T	T	0	0	0	0	0	0	0	0	C	C	A	A	T	T	0	0	A	A	0	0	0	0	A	A	0	0	0	0	0	0	T	T	0	0	C	C	0	0	A	A	A	A	0	0	0	0	A	A	C	C	T	T	0	0	0	0	0	0	0	0	T	T	0	0	0	0	0	0	A	A	0	0	0	0	G	G
TI-09	0	0	0	0	0	0	0	0	0	0	G	G	0	0	0	0	0	0	0	0	0	0	0	0	0	0	0	0	0	0	0	0	0	0	0	0	C	C	T	T	0	0	0	0	0	0	0	0	0	0	0	0	0	0	0	0	0	0	G	G	0	0	0	0	0	0	T	T	0	0	0	0	T	T	G	G	0	0	0	0	T	T	G	G	T	T	0	0	0	0	0	0	C	C	C	C	0	0	C	C	0	0	0	0	0	0	0	0	0	0	0	0	C	C	A	A	0	0	0	0	A	A	0	0	0	0	A	A	0	0	0	0	0	0	0	0	0	0	0	0	0	0	0	0	A	A	0	0	0	0	A	A	0	0	T	T	0	0	0	0	T	T	0	0	0	0	0	0	0	0	0	0	A	A	0	0	0	0	0	0
TI-10	G	G	0	0	0	0	T	T	C	C	G	G	0	0	A	A	T	T	G	G	0	0	T	T	G	G	C	C	C	C	0	0	G	G	G	G	C	C	T	T	0	0	0	0	0	0	0	0	0	0	0	0	G	G	0	0	0	0	G	G	A	A	T	T	0	0	T	T	G	G	0	0	T	T	G	G	0	0	0	0	T	T	G	G	T	T	0	0	A	A	A	A	C	C	C	C	C	C	C	C	T	T	T	T	0	0	0	0	0	0	0	0	C	C	A	A	T	T	C	C	A	A	G	G	0	0	A	A	0	0	0	0	0	0	T	T	A	A	C	C	0	0	A	A	A	A	0	0	0	0	A	A	C	C	T	T	A	A	0	0	T	T	T	T	0	0	0	0	0	0	C	C	C	C	0	0	A	A	0	0
TI-11	G	G	G	G	C	C	T	T	C	C	G	G	0	0	A	A	T	T	0	0	0	0	T	T	G	G	C	C	C	C	0	0	G	G	G	G	C	C	T	T	0	0	0	0	0	0	0	0	0	0	0	0	G	G	0	0	0	0	G	G	A	A	T	T	G	G	T	T	G	G	G	G	T	T	G	G	A	A	T	T	T	T	G	G	T	T	A	A	A	A	A	A	C	C	C	C	C	C	C	C	T	T	T	T	C	C	C	C	A	A	T	T	C	C	A	A	T	T	C	C	A	A	G	G	0	0	A	A	G	G	A	A	C	C	T	T	A	A	C	C	T	T	A	A	A	A	T	T	0	0	A	A	C	C	T	T	A	A	0	0	T	T	T	T	T	T	C	C	0	0	C	C	A	A	0	0	A	A	G	G
TI-13	G	G	G	G	C	C	T	T	C	C	G	G	T	T	A	A	T	T	0	0	0	0	T	T	G	G	C	C	C	C	T	T	G	G	G	G	C	C	T	T	0	0	0	0	C	C	C	C	0	0	0	0	G	G	0	0	A	A	G	G	A	A	T	T	G	G	T	T	G	G	G	G	T	T	G	G	A	A	T	T	T	T	G	G	T	T	A	A	A	A	A	A	C	C	C	C	C	C	C	C	T	T	T	T	C	C	C	C	A	A	T	T	C	C	A	A	T	T	C	C	A	A	G	G	0	0	A	A	G	G	A	A	C	C	T	T	A	A	0	0	T	T	A	A	A	A	T	T	0	0	A	A	C	C	T	T	A	A	0	0	T	T	T	T	T	T	C	C	T	T	C	C	A	A	0	0	A	A	G	G
TI-14	G	G	G	G	C	C	T	T	C	C	G	G	T	T	A	A	T	T	G	G	0	0	T	T	G	G	C	C	C	C	T	T	G	G	G	G	C	C	T	T	0	0	A	A	C	C	C	C	0	0	A	A	G	G	G	G	A	A	G	G	A	A	T	T	G	G	T	T	G	G	G	G	T	T	G	G	A	A	T	T	T	T	G	G	T	T	A	A	A	A	A	A	C	C	C	C	C	C	C	C	T	T	T	T	C	C	C	C	A	A	T	T	C	C	A	A	T	T	C	C	A	A	G	G	C	C	A	A	G	G	A	A	C	C	T	T	A	A	C	C	T	T	A	A	A	A	T	T	0	0	A	A	C	C	T	T	A	A	0	0	T	T	T	T	T	T	C	C	T	T	C	C	A	A	0	0	A	A	G	G
TI-15	G	G	G	G	0	0	T	T	C	C	G	G	T	T	A	A	T	T	G	G	0	0	T	T	G	G	C	C	C	C	T	T	G	G	G	G	C	C	T	T	0	0	A	A	C	C	C	C	0	0	A	A	G	G	0	0	A	A	G	G	A	A	T	T	G	G	T	T	G	G	G	G	T	T	G	G	A	A	T	T	T	T	G	G	T	T	A	A	A	A	A	A	C	C	C	C	C	C	C	C	T	T	T	T	C	C	C	C	A	A	T	T	C	C	A	A	T	T	C	C	A	A	G	G	0	0	A	A	G	G	A	A	C	C	T	T	A	A	C	C	T	T	A	A	A	A	T	T	0	0	A	A	C	C	T	T	A	A	0	0	T	T	T	T	T	T	C	C	T	T	C	C	A	A	0	0	A	A	G	G
TI-16	G	G	G	G	C	C	T	T	C	C	G	G	T	T	A	A	T	T	G	G	0	0	T	T	G	G	C	C	C	C	T	T	G	G	G	G	C	C	T	T	0	0	A	A	C	C	C	C	0	0	0	0	G	G	0	0	A	A	G	G	A	A	T	T	G	G	T	T	G	G	G	G	T	T	G	G	A	A	T	T	T	T	G	G	T	T	A	A	A	A	A	A	C	C	C	C	C	C	C	C	T	T	T	T	C	C	C	C	A	A	T	T	C	C	A	A	T	T	C	C	A	A	G	G	0	0	A	A	G	G	A	A	C	C	T	T	A	A	C	C	T	T	A	A	A	A	T	T	0	0	A	A	C	C	T	T	A	A	0	0	T	T	T	T	T	T	C	C	T	T	C	C	A	A	0	0	A	A	G	G
TI-17	G	G	G	G	C	C	T	T	C	C	G	A	T	T	A	A	T	T	G	G	0	0	T	T	G	G	C	C	C	C	T	T	G	G	G	G	C	C	T	T	0	0	0	0	C	C	C	C	0	0	A	A	G	G	0	0	A	A	G	G	A	A	T	T	G	G	T	T	G	G	G	G	T	T	G	G	A	A	T	T	T	T	G	G	T	T	A	A	A	A	A	A	C	C	C	C	C	C	C	C	T	T	T	T	C	C	C	C	A	A	T	T	C	C	A	A	T	T	C	C	A	A	G	G	C	C	A	A	G	G	A	A	C	C	T	T	0	0	C	C	T	T	A	A	A	A	T	T	0	0	A	A	C	C	T	T	A	A	0	0	T	T	T	T	T	T	C	C	T	T	C	C	A	A	0	0	A	A	0	0
TI-18	G	G	G	G	C	C	T	C	C	C	G	A	T	T	A	A	T	T	G	G	0	0	T	T	G	G	C	C	C	C	T	T	G	G	G	G	C	C	T	T	A	A	A	A	C	C	C	C	0	0	A	A	G	G	G	G	A	A	G	G	A	A	T	T	G	G	T	T	G	G	G	G	T	T	G	G	A	A	T	T	T	T 	G	G	T	T	A	A	A	A	A	A	C	C	C	C	C	C	C	C	T	T	T	T	C	C	C	C	A	A	T	T	C	C	A	A	T	T	C	C	A	A	G	G	0	0	A	A	G	G	A	A	C	C	T	T	A	A	C	C	T	T	A	A	A	A	T	T	0	0	A	A	C	C	T	T	A	A	0	0	T	T	T	G	T	T	C	C	T	T	C	C	A	A	T	T	A	A	G	G
TI-19	G	G	G	G	C	C	T	T	C	C	G	A	T	T	A	A	T	T	G	G	0	0	T	T	G	G	C	C	C	C	T	T	G	G	G	G	C	C	T	T	0	0	A	A	C	C	C	C	0	0	A	A	G	G	0	0	A	A	G	G	A	A	T	T	G	G	T	T	G	G	G	G	T	T	G	G	A	A	T	T	T	T	G	G	T	T	A	A	A	A	A	A	C	C	C	C	C	C	C	C	T	T	T	T	C	C	C	C	A	A	T	T	C	C	A	A	T	T	C	C	A	A	G	G	C	C	A	A	G	G	A	A	C	C	T	T	A	A	C	C	T	T	A	A	A	A	T	T	0	0	A	A	C	C	T	T	A	A	0	0	T	T	T	T	T	T	C	C	T	T	C	C	A	A	T	T	A	A	G	G
TI-20	G	G	G	G	C	C	C	C	C	C	A	A	T	T	A	A	T	T	G	G	0	0	T	T	G	G	C	C	C	C	T	T	G	G	G	G	C	C	T	T	0	0	A	A	C	C	C	C	0	0	A	A	G	G	0	0	A	A	G	G	A	A	T	T	G	G	T	T	G	G	G	G	T	T	G	G	A	A	T	T	T	T	G	G	T	T	A	A	A	A	A	A	C	C	C	C	C	C	C	C	T	T	T	T	C	C	C	C	A	A	T	T	C	C	A	A	T	T	C	C	A	A	G	G	0	0	A	A	G	G	A	A	C	C	T	T	A	A	C	C	T	T	A	A	A	A	T	T	0	0	A	A	C	C	T	T	A	A	0	0	T	T	T	T	T	T	C	C	T	T	C	C	A	A	0	0	A	A	G	G
TI-21	G	G	G	G	C	C	T	T	C	C	G	G	T	T	A	A	T	T	G	G	0	0	T	T	G	G	C	C	C	C	T	T	G	G	G	G	C	C	T	T	0	0	A	A	C	C	0	0	0	0	A	A	G	G	0	0	A	A	G	G	A	A	T	T	G	G	T	T	G	G	G	G	T	T	G	G	A	A	T	T	T	T	G	G	T	T	A	A	A	A	A	A	C	C	C	C	C	C	C	C	T	T	T	T	C	C	C	C	A	A	T	T	C	C	A	A	T	T	C	C	A	A	G	G	C	C	A	A	G	G	A	A	C	C	T	T	A	A	C	C	T	T	A	A	A	A	T	T	0	0	A	A	C	C	T	T	A	A	0	0	T	T	T	T	T	T	C	C	T	T	C	C	A	A	0	0	A	A	A	A
TI-22	G	G	G	G	C	C	T	T	C	C	G	G	T	T	A	A	T	T	G	G	0	0	T	T	G	G	C	C	C	C	T	T	G	G	G	G	C	C	T	T	0	0	A	A	C	C	C	C	0	0	A	A	G	G	0	0	A	A	G	G	A	A	T	T	G	G	T	T	G	G	G	G	T	T	G	G	A	A	T	T	T	T	G	G	T	T	A	A	A	A	A	A	C	C	C	C	C	C	C	C	T	T	T	T	C	C	C	C	A	A	T	T	C	C	A	A	T	T	C	C	A	A	G	G	0	0	A	A	G	G	A	A	C	C	T	T	A	A	C	C	T	T	A	A	A	A	T	T	0	0	A	A	C	C	T	T	A	A	0	0	T	T	T	T	T	T	C	C	T	T	C	C	A	A	0	0	A	A	0	0
TI-23	G	G	G	G	C	C	T	T	C	C	G	G	T	T	A	A	T	T	G	G	0	0	T	T	G	G	C	C	C	C	T	T	G	G	G	G	C	C	T	T	0	0	A	A	C	C	C	C	0	0	0	0	G	G	0	0	A	A	G	G	A	A	T	T	G	G	T	T	G	G	G	G	T	T	G	G	A	A	T	T	T	T	G	A	T	T	A	A	A	A	A	A	C	C	C	C	C	C	C	C	T	T	T	T	C	C	C	C	A	A	T	T	C	C	A	A	T	T	C	C	A	A	G	G	0	0	A	A	G	G	A	A	C	C	T	T	A	A	C	C	T	T	A	A	A	A	T	T	0	0	A	A	C	C	T	T	A	A	0	0	T	T	T	T	T	T	C	C	T	T	C	C	C	C	0	0	C	C	G	A
TI-24	G	G	G	G	0	0	T	T	C	C	G	G	T	T	A	A	T	T	G	G	0	0	T	T	G	G	C	C	C	C	T	T	G	G	G	G	C	C	T	T	0	0	0	0	C	C	C	C	0	0	0	0	G	G	0	0	A	A	G	G	A	A	T	T	G	G	T	T	G	G	G	G	T	T	G	G	A	A	T	T	T	T	0	0	T	T	A	A	A	A	A	A	C	C	C	C	C	C	C	C	T	T	T	T	C	C	C	C	A	A	T	T	C	C	A	A	T	T	C	C	A	A	G	G	0	0	A	A	G	G	A	A	C	C	T	T	A	A	C	C	T	T	A	A	A	A	T	T	0	0	A	A	C	C	T	T	A	A	0	0	T	T	T	T	T	T	C	C	T	T	C	C	C	C	0	0	C	C	0	0
TI-25	G	G	G	G	C	C	T	T	C	C	G	G	T	T	A	A	T	T	G	G	0	0	T	T	G	G	C	C	C	C	T	T	G	G	G	G	C	C	T	T	0	0	A	A	C	C	C	C	0	0	A	A	G	G	0	0	A	A	G	G	A	A	T	T	G	G	T	T	G	G	G	G	T	T	G	G	A	A	T	T	T	T	0	0	T	T	A	A	A	A	A	A	C	C	C	C	C	C	C	C	T	T	T	T	C	C	C	C	A	A	T	T	C	C	A	A	T	T	C	C	A	A	G	G	0	0	A	A	G	G	A	A	C	C	T	T	A	A	C	C	T	T	A	A	A	A	T	T	0	0	A	A	C	C	T	T	A	A	0	0	T	T	T	T	T	T	C	C	T	T	C	C	C	C	0	0	C	C	A	A
TI-26	G	G	G	G	C	C	T	T	C	C	G	G	T	T	A	A	T	T	G	G	0	0	T	T	G	G	C	C	C	C	T	T	G	G	G	G	C	C	T	T	0	0	A	A	C	C	C	C	0	0	A	A	G	G	0	0	A	A	G	G	A	A	T	T	G	G	T	T	G	G	G	G	T	T	G	G	A	A	T	T	T	T	G	G	T	T	A	A	A	A	A	A	C	C	C	C	C	C	C	C	T	T	T	T	C	C	C	C	A	A	T	T	C	C	A	A	T	T	C	C	A	A	G	G	0	0	A	A	G	G	A	A	C	C	T	T	A	A	C	C	T	T	A	A	A	A	T	T	0	0	A	A	C	C	T	T	A	A	0	0	T	T	T	T	T	T	C	C	T	T	C	C	A	A	0	0	A	A	G	G
TI-28	G	G	G	G	C	C	T	T	C	C	G	G	T	T	A	A	T	T	0	0	0	0	T	T	G	G	C	C	C	C	T	T	G	G	G	G	C	C	T	T	0	0	0	0	0	0	0	0	0	0	0	0	G	G	0	0	A	A	G	G	A	A	T	T	G	G	T	T	0	0	G	G	T	T	G	G	A	A	T	T	T	T	0	0	T	T	0	0	A	A	A	A	C	C	C	C	C	C	C	C	T	T	T	T	C	C	C	C	A	A	T	T	C	C	A	A	T	T	C	C	A	A	G	G	0	0	A	A	G	G	A	A	C	C	T	T	A	A	C	C	T	T	A	A	A	A	T	T	0	0	A	A	C	C	T	T	A	A	0	0	T	T	T	T	T	T	C	C	T	T	C	C	A	A	0	0	A	A	G	G
TI-29	G	G	G	G	C	C	T	T	C	C	G	G	0	0	A	A	T	T	G	G	0	0	T	T	G	G	C	C	C	C	T	T	G	G	G	G	C	C	T	T	A	A	0	0	C	C	C	C	0	0	0	0	G	G	0	0	A	A	G	G	A	A	T	T	G	G	T	T	G	G	G	G	T	T	G	G	A	A	T	T	T	T	G	G	T	T	A	A	A	A	A	A	C	C	C	C	C	C	C	C	T	T	T	T	C	C	C	C	A	A	T	T	C	C	A	A	T	T	C	C	A	A	G	G	0	0	A	A	G	G	A	A	C	C	T	T	A	A	C	C	T	T	A	A	A	A	T	T	0	0	A	A	C	C	T	T	A	A	0	0	T	T	T	T	T	T	C	C	T	T	C	C	A	A	0	0	A	A	G	G
TI-30	G	G	G	G	C	C	T	T	C	C	G	G	T	T	A	A	T	T	G	G	0	0	T	T	G	G	C	C	C	C	T	T	G	G	G	G	C	C	T	T	0	0	0	0	C	C	C	C	0	0	0	0	G	G	0	0	A	A	G	G	A	A	T	T	G	G	T	T	G	G	G	G	T	T	G	G	A	A	T	T	T	T	G	G	T	T	A	A	A	A	A	A	C	C	C	C	C	C	C	C	T	T	T	T	C	C	C	C	A	A	T	T	C	C	A	A	T	T	C	C	A	A	G	G	0	0	A	A	G	G	A	A	C	C	T	T	A	A	C	C	T	T	A	A	A	A	T	T	0	0	A	A	C	C	T	T	A	A	0	0	T	T	T	T	T	T	C	C	T	T	C	C	A	A	0	0	A	A	G	G
TI-31	G	G	G	G	C	C	T	T	C	C	G	G	T	T	0	0	T	T	G	G	0	0	T	T	G	G	C	C	C	C	T	T	G	G	G	G	C	C	T	T	0	0	A	A	C	C	C	C	0	0	A	A	G	G	0	0	A	A	G	G	A	A	T	T	G	G	T	T	G	G	G	G	T	T	G	G	A	A	T	T	T	T	G	G	T	T	A	A	A	A	A	A	C	C	C	C	C	C	C	C	T	T	T	T	C	C	C	C	A	A	T	T	C	C	A	A	T	T	C	C	A	A	G	G	0	0	A	A	G	G	A	A	C	C	T	T	A	A	C	C	T	T	A	A	A	A	T	T	0	0	A	A	C	C	T	T	0	0	0	0	T	T	T	T	T	T	C	C	T	T	C	C	A	A	0	0	A	A	G	G
TI-32T	0	0	0	0	0	0	0	0	C	C	G	G	0	0	0	0	0	0	G	G	0	0	T	T	G	G	0	0	C	C	0	0	0	0	0	0	C	C	T	T	0	0	0	0	0	0	0	0	0	0	0	0	0	0	0	0	0	0	G	G	A	A	T	T	0	0	T	T	0	0	0	0	T	T	G	G	0	0	T	T	T	T	0	0	T	T	0	0	0	0	0	0	C	C	C	C	0	0	C	C	0	0	T	T	0	0	0	0	0	0	0	0	C	C	A	A	0	0	0	0	A	A	0	0	0	0	A	A	0	0	0	0	0	0	0	0	0	0	0	0	0	0	A	A	A	A	T	T	0	0	A	A	C	C	T	T	0	0	0	0	0	0	0	0	0	0	0	0	0	0	0	0	0	0	0	0	0	0	G	G
TI-33	G	G	G	G	C	C	T	T	C	C	G	G	T	T	A	A	T	T	G	G	0	0	T	T	G	G	C	C	C	C	T	T	G	G	G	G	C	C	T	T	0	0	0	0	C	C	C	C	0	0	A	A	G	G	0	0	A	A	G	G	A	A	T	T	G	G	T	T	G	G	G	G	T	T	G	G	A	A	T	T	T	T	G	G	T	T	0	0	A	A	A	A	C	C	C	C	C	C	C	C	T	T	T	T	C	C	C	C	A	A	T	T	C	C	A	A	T	T	C	C	A	A	G	G	0	0	A	A	G	G	A	A	C	C	T	T	A	A	C	C	T	T	A	A	A	A	T	T	0	0	A	A	C	C	T	T	A	A	0	0	T	T	T	T	T	T	C	C	T	T	C	C	A	A	0	0	A	A	G	G
TI-34	G	G	G	G	C	C	T	T	C	C	G	G	T	T	A	A	T	T	G	G	0	0	T	T	G	G	C	C	C	C	T	T	G	G	G	G	C	C	T	T	0	0	0	0	C	C	C	C	0	0	0	0	G	G	0	0	A	A	G	G	A	A	T	T	G	G	T	T	G	G	G	G	T	T	G	G	A	A	T	T	T	T	G	G	T	T	A	A	A	A	A	A	C	C	C	C	C	C	C	C	T	T	T	T	C	C	C	C	A	A	T	T	C	C	A	A	T	T	C	C	A	A	G	G	0	0	A	A	G	G	A	A	C	C	T	T	A	A	C	C	T	T	A	A	A	A	T	T	0	0	A	A	C	C	T	T	A	A	0	0	T	T	T	T	T	T	C	C	T	T	C	C	A	A	0	0	A	A	G	G
TI-35	G	G	G	G	0	0	T	T	C	C	G	G	T	T	A	A	0	0	0	0	0	0	T	T	G	G	C	C	C	C	T	T	G	G	G	G	C	C	T	T	0	0	0	0	0	0	0	0	0	0	0	0	G	G	0	0	A	A	G	G	A	A	T	T	G	G	T	T	G	G	G	G	T	T	G	G	A	A	T	T	T	T	G	G	T	T	A	A	A	A	0	0	C	C	C	C	C	C	C	C	T	T	T	T	C	C	C	C	A	A	T	T	C	C	A	A	T	T	C	C	A	A	G	G	0	0	A	A	G	G	A	A	0	0	T	T	A	A	C	C	T	T	A	A	A	A	T	T	0	0	A	A	C	C	T	T	A	A	0	0	T	T	T	T	0	0	C	C	T	T	C	C	A	A	0	0	A	A	G	G
TI-36	G	G	G	G	C	C	T	T	C	C	G	G	T	T	A	A	T	T	G	G	0	0	T	T	G	G	C	C	C	C	T	T	G	G	G	G	C	C	T	T	0	0	0	0	C	C	C	C	0	0	A	A	G	G	0	0	A	A	G	G	A	A	T	T	G	G	T	T	G	G	G	G	T	T	G	G	A	A	T	T	T	T	0	0	T	T	A	A	A	A	A	A	C	C	C	C	C	C	C	C	T	T	T	T	C	C	C	C	A	A	T	T	C	C	A	A	T	T	C	C	A	A	G	G	0	0	A	A	G	G	A	A	C	C	T	T	A	A	C	C	T	T	A	A	A	A	T	T	0	0	A	A	C	C	T	T	A	A	0	0	T	T	T	T	T	T	C	C	T	T	C	C	A	A	0	0	A	A	G	G
TI-37	G	G	G	G	C	C	T	T	C	C	G	G	T	T	A	A	T	T	G	G	0	0	T	T	G	G	C	C	C	C	T	T	G	G	G	G	C	C	T	T	0	0	0	0	C	C	0	0	0	0	0	0	G	G	0	0	A	A	G	G	A	A	T	T	G	G	T	T	G	G	G	G	T	T	G	G	A	A	T	T	T	T	0	0	T	T	A	A	A	A	A	A	C	C	C	C	C	C	C	C	T	T	T	T	C	C	C	C	A	A	T	T	C	C	A	A	T	T	C	C	A	A	G	G	0	0	A	A	G	G	A	A	C	C	T	T	A	A	C	C	T	T	A	A	A	A	T	T	0	0	A	A	C	C	T	T	A	A	0	0	T	T	T	T	T	T	C	C	T	T	C	C	A	A	0	0	0	0	G	G
TI-38	G	G	G	G	C	C	T	T	C	C	G	G	T	T	A	A	T	T	G	G	0	0	T	T	G	G	C	C	C	C	T	T	G	G	G	G	C	C	T	T	0	0	A	A	C	C	C	C	0	0	A	A	G	G	0	0	A	A	G	G	A	A	T	T	G	G	T	T	G	G	G	G	T	T	G	G	A	A	T	T	T	T	G	G	T	T	A	A	A	A	A	A	C	C	C	C	C	C	C	C	T	T	T	T	C	C	C	C	A	A	T	T	C	C	A	A	T	T	C	C	A	A	G	G	C	C	A	A	G	G	A	A	C	C	T	T	A	A	C	C	T	T	A	A	A	A	T	T	0	0	A	A	C	C	T	T	A	A	0	0	T	T	T	T	T	T	C	C	T	T	C	C	A	A	0	0	0	0	G	G
TI-39	G	G	G	G	C	C	T	T	C	C	G	G	T	T	A	A	T	T	G	G	0	0	T	T	G	G	C	C	C	C	T	T	G	G	G	G	C	C	T	T	A	A	A	A	C	C	C	C	0	0	A	A	G	G	0	0	A	A	G	G	A	A	T	T	G	G	T	T	G	G	G	G	T	T	G	G	A	A	T	T	T	T	G	G	T	T	A	A	A	A	A	A	C	C	C	C	C	C	C	C	T	T	T	T	C	C	C	C	A	A	T	T	C	C	A	A	T	T	C	C	A	A	G	G	0	0	A	A	G	G	A	A	C	C	T	T	A	A	C	C	T	T	A	A	A	A	T	T	0	0	A	A	C	C	T	T	A	A	0	0	T	T	T	T	T	T	C	C	T	T	C	C	A	A	0	0	A	A	G	G
TI-40	G	G	G	G	C	C	T	T	C	C	G	G	T	T	A	A	T	T	G	G	0	0	T	T	G	G	C	C	C	C	T	T	G	G	G	G	C	C	T	T	0	0	A	A	C	C	C	C	0	0	0	0	G	G	0	0	A	A	G	G	A	A	T	T	G	G	T	T	G	G	G	G	T	T	G	G	A	A	T	T	T	T	0	0	T	T	A	A	A	A	A	A	C	C	C	C	C	C	C	C	T	T	T	T	C	C	C	C	A	A	T	T	C	C	A	A	T	T	C	C	A	A	G	G	0	0	A	A	G	G	A	A	C	C	T	T	A	A	C	C	T	T	A	A	A	A	T	T	0	0	A	A	C	C	T	T	0	0	0	0	T	T	T	T	T	T	C	C	T	T	C	C	A	A	0	0	A	A	G	G
TI-41	G	G	G	G	C	C	T	T	C	C	G	G	T	T	A	A	T	T	G	G	0	0	T	T	G	G	C	C	C	C	T	T	G	G	G	G	C	C	T	T	0	0	A	A	C	C	C	C	0	0	A	A	G	G	0	0	A	A	G	G	A	A	T	T	G	G	T	T	G	G	G	G	T	T	G	G	A	A	T	T	T	T	G	G	T	T	A	A	A	A	A	A	C	C	C	C	C	C	C	C	T	T	T	T	C	C	C	C	0	0	T	T	C	C	A	A	T	T	C	C	A	A	G	G	0	0	A	A	G	G	A	A	C	C	T	T	A	A	C	C	T	T	A	A	A	A	T	T	0	0	A	A	C	C	T	T	A	A	0	0	T	T	T	T	T	T	C	C	T	T	C	C	A	A	0	0	A	A	A	A
TI-42	G	G	0	0	0	0	0	0	C	C	G	G	0	0	A	A	T	T	G	G	0	0	T	T	G	G	C	C	C	C	0	0	0	0	0	0	C	C	T	T	0	0	0	0	0	0	0	0	0	0	0	0	G	G	0	0	0	0	G	G	A	A	T	T	G	G	T	T	G	G	G	G	T	T	G	G	A	A	T	T	T	T	G	G	T	T	A	A	A	A	A	A	C	C	C	C	C	C	C	C	0	0	T	T	C	C	0	0	0	0	T	T	C	C	A	A	T	T	C	C	A	A	G	G	0	0	A	A	G	G	0	0	C	C	T	T	A	A	0	0	0	0	A	A	A	A	T	T	0	0	A	A	C	C	T	T	A	A	0	0	T	T	T	T	0	0	C	C	0	0	0	0	0	0	0	0	0	0	0	0
TI-45	G	G	G	G	C	C	T	T	C	C	G	G	T	T	A	A	T	T	G	G	0	0	T	T	G	G	C	C	C	C	T	T	G	G	G	G	C	C	T	T	0	0	0	0	C	C	C	C	0	0	0	0	G	G	0	0	A	A	G	G	A	A	T	T	G	G	T	T	G	G	G	G	T	T	G	G	A	A	T	T	T	T	G	G	T	T	A	A	A	A	A	A	C	C	C	C	C	C	C	C	T	T	T	T	C	C	C	C	A	A	T	T	C	C	A	A	T	T	C	C	A	A	G	G	0	0	A	A	G	G	A	A	C	C	T	T	A	A	C	C	T	T	A	A	A	A	T	T	0	0	A	A	C	C	T	T	A	A	0	0	T	T	T	T	T	T	C	C	T	T	C	C	A	A	0	0	A	A	A	A
TI-46	G	G	G	G	C	C	T	T	C	C	G	G	T	T	A	A	T	T	G	G	0	0	T	T	G	G	C	C	C	C	T	T	G	G	G	G	C	C	T	T	0	0	A	A	C	C	C	C	0	0	A	A	G	G	0	0	A	A	G	G	A	A	T	T	G	G	T	T	G	G	G	G	T	T	G	G	A	A	T	T	T	T	G	G	T	T	A	A	A	A	A	A	C	C	C	C	C	C	C	C	T	T	T	T	C	C	C	C	A	A	T	T	C	C	A	A	T	T	C	C	A	A	G	G	0	0	A	A	G	G	A	A	C	C	T	T	A	A	C	C	T	T	A	A	A	A	T	T	0	0	A	A	C	C	T	T	A	A	0	0	T	T	T	T	T	T	C	C	T	T	C	C	A	A	0	0	A	A	A	A
TI-47	G	G	G	G	C	C	T	T	C	C	G	G	T	T	A	A	T	T	G	G	0	0	T	T	G	G	C	C	C	C	T	C	G	G	G	G	C	C	T	T	0	0	0	0	0	0	0	0	0	0	0	0	G	G	0	0	A	A	G	G	A	A	T	T	G	G	T	T	G	G	G	G	T	T	G	G	A	A	T	T	T	T	0	0	T	T	A	A	A	A	A	A	C	C	C	C	C	C	C	C	T	T	T	T	C	C	C	C	A	A	T	T	C	C	A	A	T	T	C	C	A	A	G	G	C	C	A	A	G	G	A	A	0	0	T	T	A	A	C	C	T	T	A	A	A	A	T	T	0	0	A	A	C	C	T	T	A	A	0	0	T	T	T	T	T	C	0	0	T	T	C	C	A	A	0	0	A	A	A	A
TI-48	G	G	G	G	C	C	C	C	C	C	G	G	T	T	A	A	T	T	G	G	0	0	T	T	G	G	C	C	C	C	T	T	G	G	G	G	C	C	T	T	0	0	A	A	C	C	C	C	0	0	A	A	G	G	G	G	A	A	G	G	A	A	T	T	G	G	T	T	G	G	G	G	T	T	G	G	A	A	T	T	T	T	G	G	T	T	A	A	A	A	A	A	C	C	C	C	C	C	C	C	T	T	T	T	C	C	C	C	A	A	T	T	C	C	A	A	T	T	C	C	A	A	G	G	0	0	A	A	G	G	A	A	C	C	T	T	A	A	C	C	T	T	A	A	A	A	T	T	0	0	A	A	C	C	T	T	A	A	0	0	T	T	T	T	T	T	C	C	T	T	C	C	A	A	0	0	A	A	G	G
TI-49	G	G	G	G	C	C	T	T	C	C	G	G	T	T	A	A	T	T	G	G	0	0	T	T	G	G	C	C	C	C	T	T	G	G	G	G	C	C	T	T	0	0	A	A	C	C	C	C	0	0	A	A	G	G	0	0	A	A	G	G	A	A	T	T	G	G	T	T	G	G	G	G	T	T	G	G	A	A	T	T	T	T	G	G	T	T	A	A	A	A	A	A	C	C	C	C	C	C	C	C	T	T	T	T	C	C	C	C	A	A	T	T	C	C	A	A	T	T	C	C	A	A	G	G	0	0	A	A	G	G	A	A	C	C	T	T	A	A	C	C	T	T	A	A	A	A	T	T	0	0	A	A	C	C	T	T	A	A	0	0	T	T	T	T	T	T	C	C	T	T	C	C	A	A	T	T	A	A	G	G
TI-50	G	G	G	G	C	C	T	T	C	C	G	A	T	T	A	A	T	T	G	G	0	0	T	T	G	G	C	C	C	C	T	T	G	G	G	G	C	C	T	T	0	0	A	A	C	C	C	C	0	0	A	A	G	G	0	0	A	A	G	G	A	A	T	T	G	G	T	T	G	G	G	G	T	T	G	G	A	A	T	T	T	T	G	G	T	T	A	A	A	A	A	A	C	C	C	C	C	A	C	C	T	T	T	T	C	C	C	C	A	A	T	T	C	C	A	A	T	T	C	C	A	A	G	G	0	0	A	A	G	G	A	A	C	C	T	T	A	A	C	C	T	T	A	A	A	A	T	T	0	0	A	A	C	C	T	T	A	A	0	0	T	T	T	T	T	T	C	C	T	T	C	C	A	A	0	0	A	A	G	G
TS-01	C	C	A	A	A	A	C	C	T	T	A	A	C	C	T	T	C	C	A	A	G	G	C	C	T	T	T	T	A	A	C	C	A	A	A	A	G	G	A	A	C	C	G	G	G	G	T	T	G	G	G	G	T	T	A	A	T	T	A	A	G	G	A	A	A	A	0	0	C	C	A	A	G	G	A	A	C	C	C	C	A	A	A	A	G	G	T	T	G	G	G	G	G	G	T	T	A	A	T	T	A	A	A	A	T	T	T	T	T	T	A	A	G	C	G	G	C	C	T	T	0	0	A	A	C	C	G	G	T	T	C	C	T	T	C	C	G	G	G	G	C	C	T	T	G	G	G	G	C	C	G	G	T	T	C	C	G	G	A	A	A	A	G	G	C	C	T	T	A	A	A	A	C	C	T	T	C	C	A	A
TS-02	C	C	A	A	A	A	C	C	T	T	A	A	C	C	T	T	C	C	A	A	0	0	C	C	T	T	T	T	A	A	C	C	A	A	A	A	G	G	A	A	C	C	G	G	G	G	T	T	G	G	G	G	T	T	A	A	T	T	A	A	G	G	A	A	A	A	0	0	C	C	A	A	G	G	A	A	C	C	C	C	A	A	A	A	G	G	T	T	G	G	G	G	G	G	T	T	A	A	T	T	A	A	A	A	T	T	T	T	T	T	A	A	G	C	G	G	C	C	T	T	0	0	A	A	C	C	G	G	T	T	C	C	T	T	C	C	G	G	G	G	C	C	T	T	G	G	G	G	C	C	G	G	T	T	C	C	G	G	A	A	A	A	G	G	C	C	T	T	A	A	A	A	C	C	T	T	C	C	A	A
TS-03	C	C	A	A	A	A	C	C	T	T	A	A	C	C	T	T	C	C	A	A	G	G	C	C	T	T	T	T	A	A	C	C	A	A	A	A	G	G	A	A	C	C	G	G	G	G	T	T	0	0	G	G	T	T	A	A	T	T	A	A	G	G	A	A	A	A	0	0	C	C	A	A	G	G	A	A	C	C	C	C	A	A	A	A	G	G	T	T	G	G	G	G	G	G	T	T	A	A	T	T	A	A	A	A	T	T	T	T	T	T	A	A	G	C	G	G	C	C	T	T	0	0	A	A	C	C	G	G	T	T	C	C	T	T	C	C	G	G	G	G	C	C	T	T	G	G	G	G	C	C	G	G	T	T	C	C	G	G	A	A	A	A	G	G	C	C	T	T	A	A	A	A	C	C	T	T	C	C	A	A
TS-04	C	C	A	A	A	A	C	C	T	T	A	A	C	C	T	T	C	C	A	A	G	G	C	C	T	T	T	T	A	A	C	C	A	A	A	A	G	G	A	A	C	C	G	G	G	G	T	T	G	G	G	G	T	T	A	A	T	T	A	A	G	G	A	A	A	A	0	0	C	C	A	A	G	G	A	A	C	C	C	C	A	A	A	A	G	G	T	T	G	G	G	G	G	G	T	T	A	A	T	T	A	A	A	A	T	T	T	T	T	T	A	A	G	C	G	G	C	C	T	T	0	0	A	A	C	C	G	G	T	T	C	C	T	T	C	C	G	G	G	G	C	C	T	T	G	G	G	G	C	C	G	G	T	T	C	C	G	G	A	A	A	A	G	G	C	C	T	T	A	A	A	A	C	C	T	T	C	C	A	A
TS-05	C	C	A	A	A	A	C	C	T	T	A	A	C	C	T	T	C	C	A	A	G	G	C	C	T	T	T	T	A	A	C	C	A	A	A	A	G	G	A	A	C	C	G	G	G	G	T	T	G	G	G	G	T	T	A	A	T	T	A	A	G	G	A	A	A	A	0	0	C	C	A	A	G	G	A	A	C	C	C	C	A	A	A	A	G	G	T	T	G	G	G	G	G	G	T	T	A	A	T	T	A	A	A	A	T	T	T	T	T	T	A	A	G	C	G	G	C	C	T	T	0	0	A	A	C	C	G	G	T	T	C	C	T	T	C	C	G	G	G	G	C	C	T	T	G	G	G	G	C	C	G	G	T	T	C	C	G	G	A	A	A	A	G	G	C	C	T	T	A	A	A	A	C	C	T	T	C	C	A	A
TS-06	C	C	A	A	0	0	C	C	T	T	A	A	C	C	T	T	C	C	A	A	0	0	C	C	T	T	T	T	A	A	C	C	A	A	A	A	G	G	A	A	C	C	G	G	0	0	T	T	G	G	G	G	T	T	A	A	T	T	A	A	G	G	A	A	A	A	0	0	C	C	A	A	G	G	A	A	0	0	C	C	A	A	A	A	G	G	T	T	G	G	G	G	G	G	T	T	A	A	T	T	A	A	A	A	T	T	T	T	T	T	A	A	G	C	G	G	C	C	T	T	0	0	A	A	C	C	G	G	T	T	C	C	T	T	C	C	G	G	G	G	C	C	T	T	G	G	G	G	C	C	G	G	T	T	C	C	G	G	A	A	A	A	G	G	C	C	T	T	A	A	A	A	C	C	T	T	C	C	A	A
TS-07	C	C	A	A	A	A	C	C	T	T	A	A	C	C	T	T	C	C	A	A	G	G	C	C	T	T	T	T	A	A	C	C	A	A	A	A	G	G	A	A	C	C	G	G	G	G	T	T	G	G	G	G	T	T	A	A	T	T	A	A	G	G	A	A	A	A	0	0	C	C	A	A	G	G	A	A	C	C	C	C	A	A	A	A	G	G	T	T	G	G	G	G	G	G	T	T	A	A	T	T	A	A	A	A	T	T	T	T	T	T	A	A	G	C	G	G	C	C	T	T	0	0	A	A	C	C	G	G	T	T	C	C	T	T	C	C	G	G	G	G	C	C	T	T	G	G	G	G	C	C	G	G	T	T	C	C	G	G	A	A	A	A	G	G	C	C	T	T	A	A	A	A	C	C	T	T	C	C	A	A
TS-08	C	C	A	A	A	A	C	C	T	T	A	A	C	C	T	T	C	C	A	A	0	0	C	C	T	T	T	T	A	A	C	C	A	A	A	A	G	G	A	A	C	C	G	G	G	G	T	T	G	G	G	G	T	T	A	A	T	T	A	A	G	G	A	A	A	A	0	0	C	C	A	A	G	G	A	A	C	C	C	C	A	A	A	A	G	G	T	T	G	G	G	G	G	G	T	T	A	A	T	T	A	A	A	A	T	T	T	T	T	T	0	0	G	C	G	G	C	C	T	T	0	0	A	A	C	C	G	G	T	T	C	C	T	T	C	C	G	G	G	G	C	C	T	T	G	G	G	G	C	C	G	G	T	T	C	C	G	G	A	A	A	A	G	G	C	C	T	T	A	A	A	A	C	C	T	T	C	C	A	A
TS-09	C	C	0	0	A	A	C	C	T	T	A	A	C	C	T	T	C	C	A	A	G	G	C	C	T	T	T	T	A	A	C	C	A	A	A	A	G	G	A	A	C	C	G	G	G	G	T	T	G	G	G	G	T	T	A	A	T	T	A	A	G	G	A	A	A	A	0	0	C	C	A	A	G	G	A	A	C	C	C	C	A	A	A	A	G	G	T	T	G	G	G	G	G	G	T	T	A	A	T	T	A	A	A	A	T	T	T	T	T	T	A	A	G	C	G	G	C	C	T	T	0	0	A	A	C	C	G	G	T	T	C	C	T	T	C	C	G	G	G	G	C	C	T	T	G	G	G	G	C	C	G	G	T	T	C	C	G	G	A	A	A	A	G	G	C	C	T	T	A	A	A	A	C	C	T	T	C	C	A	A
TS-10	C	C	A	A	A	A	C	C	T	T	A	A	C	C	T	T	C	C	A	A	G	G	C	C	T	T	T	T	A	A	C	C	A	A	A	A	G	G	A	A	C	C	G	G	G	G	T	T	G	G	G	G	T	T	A	A	T	T	A	A	G	G	A	A	A	A	0	0	C	C	A	A	G	G	A	A	C	C	C	C	A	A	A	A	G	G	T	T	G	G	G	G	G	G	T	T	A	A	T	T	A	A	A	A	T	T	T	T	T	T	A	A	G	C	G	G	C	C	T	T	0	0	A	A	C	C	G	G	T	T	C	C	T	T	C	C	G	G	G	G	C	C	T	T	G	G	G	G	C	C	G	G	T	T	C	C	G	G	A	A	A	A	G	G	C	C	T	T	A	A	A	A	C	C	T	T	C	C	A	A
TS-11	C	C	A	A	A	A	C	C	T	T	A	A	C	C	T	T	C	C	A	A	0	0	C	C	T	T	T	T	A	A	C	C	A	A	A	A	G	G	A	A	C	C	G	G	G	G	T	T	G	G	G	G	T	T	A	A	T	T	A	A	G	G	A	A	A	A	0	0	C	C	A	A	G	G	A	A	C	C	C	C	A	A	A	A	G	G	T	T	G	G	G	G	G	G	T	T	A	A	T	T	A	A	A	A	T	T	T	T	T	T	A	A	G	C	G	G	C	C	T	T	0	0	A	A	C	C	G	G	T	T	C	C	T	T	C	C	G	G	G	G	C	C	T	T	G	G	G	G	C	C	G	G	T	T	C	C	G	G	A	A	A	A	T	T	C	C	T	T	A	A	A	A	C	C	T	T	C	C	A	A
TS-12	C	C	A	A	A	A	C	C	T	T	A	A	C	C	T	T	C	C	A	A	G	G	C	C	T	T	T	T	A	A	C	C	A	A	A	A	G	G	A	A	C	C	G	G	G	G	T	T	G	G	G	G	T	T	A	A	T	T	A	A	G	G	A	A	A	A	0	0	C	C	A	A	G	G	A	A	C	C	C	C	A	A	A	A	G	G	T	T	G	G	G	G	G	G	T	T	A	A	T	T	A	A	A	A	T	T	T	T	T	T	A	A	G	C	G	G	C	C	T	T	0	0	A	A	C	C	G	G	T	T	C	C	T	T	C	C	G	G	G	G	C	C	T	T	G	G	G	G	C	C	G	G	T	T	C	C	G	G	A	A	A	A	G	G	C	C	T	T	A	A	A	A	C	C	T	T	C	C	A	A
TS-13	C	C	A	A	A	A	C	C	T	T	A	A	C	C	T	T	C	C	A	A	G	G	C	C	T	T	T	T	A	A	C	C	A	A	A	A	G	G	A	A	C	C	G	G	G	G	T	T	G	G	G	G	T	T	A	A	T	T	A	A	G	G	A	A	A	A	0	0	C	C	A	A	G	G	A	A	C	C	C	C	A	A	A	A	G	G	T	T	G	G	G	G	G	G	T	T	A	A	T	T	A	A	A	A	T	T	T	T	T	T	A	A	G	C	G	G	C	C	T	T	0	0	A	A	C	C	G	G	T	T	C	C	T	T	C	C	G	G	G	G	C	C	T	T	G	G	G	G	C	C	G	G	T	T	C	C	G	G	A	A	A	A	G	G	C	C	T	T	A	A	A	A	C	C	T	T	C	C	A	A
TS-14	C	C	A	A	0	0	C	C	T	T	A	A	C	C	T	T	C	C	A	A	G	G	C	C	T	T	T	T	A	A	C	C	A	A	A	A	G	G	A	A	C	C	G	G	G	G	T	T	G	G	G	G	T	T	A	A	T	T	A	A	G	G	A	A	A	A	0	0	C	C	A	A	G	G	A	A	C	C	C	C	A	A	A	A	G	G	T	T	G	G	G	G	G	G	T	T	A	A	T	T	A	A	A	A	T	T	T	T	T	T	A	A	G	C	G	G	C	C	T	T	0	0	A	A	C	C	G	G	T	T	C	C	T	T	C	C	G	G	G	G	C	C	T	T	G	G	G	G	C	C	G	G	T	T	C	C	G	G	A	A	A	A	G	G	C	C	T	T	A	A	A	A	C	C	T	T	C	C	A	A
TS-15	C	C	A	A	A	A	C	C	T	T	A	A	C	C	T	T	C	C	A	A	G	G	C	C	T	T	T	T	A	A	C	C	A	A	A	A	G	G	A	A	C	C	G	G	G	G	T	T	G	G	G	G	T	T	A	A	T	T	A	A	G	G	A	A	A	A	0	0	C	C	A	A	G	G	A	A	C	C	C	C	A	A	A	A	G	G	T	T	G	G	G	G	G	G	T	T	A	A	T	T	A	A	A	A	T	T	T	T	T	T	A	A	G	C	G	G	C	C	T	T	0	0	A	A	C	C	G	G	T	T	C	C	T	T	C	C	G	G	G	G	C	C	T	T	G	G	G	G	C	C	G	G	T	T	C	C	G	G	A	A	A	A	G	G	C	C	T	T	A	A	A	A	C	C	T	T	C	C	A	A
TS-16	C	C	A	A	0	0	C	C	T	T	A	A	C	C	T	T	C	C	A	A	G	G	C	C	T	T	T	T	A	A	C	C	A	A	A	A	G	G	A	A	C	C	G	G	G	G	T	T	G	G	G	G	T	T	A	A	T	T	A	A	G	G	A	A	A	A	0	0	C	C	A	A	G	G	A	A	C	C	C	C	A	A	A	A	0	0	T	T	G	G	G	G	G	G	T	T	A	A	T	T	A	A	A	A	T	T	T	T	T	T	A	A	G	C	G	G	C	C	T	T	0	0	A	A	C	C	G	G	T	T	C	C	T	T	C	C	G	G	G	G	C	C	T	T	G	G	G	G	C	C	G	G	T	T	C	C	G	G	A	A	A	A	G	G	C	C	T	T	A	A	A	A	C	C	T	T	C	C	A	A
TS-17	C	C	A	A	A	A	C	C	T	T	A	A	C	C	T	T	C	C	A	A	G	G	C	C	T	T	T	T	A	A	C	C	A	A	A	A	G	G	A	A	C	C	G	G	G	G	T	T	G	G	G	G	T	T	A	A	T	T	A	A	G	G	A	A	A	A	0	0	C	C	A	A	G	G	A	A	C	C	C	C	A	A	A	A	G	G	T	T	G	G	G	G	G	G	T	T	A	A	T	T	A	A	A	A	T	T	T	T	T	T	A	A	G	C	G	G	C	C	T	T	0	0	A	A	C	C	G	G	T	T	C	C	T	T	C	C	G	G	G	G	C	C	T	T	G	G	G	G	C	C	G	G	T	T	C	C	G	G	A	A	A	A	G	G	C	C	T	T	A	A	A	A	C	C	T	T	C	C	A	A
TS-18	C	C	A	A	0	0	C	C	T	T	A	A	C	C	T	T	C	C	A	A	G	G	C	C	T	T	T	T	A	A	C	C	A	A	A	A	G	G	A	A	C	C	G	G	G	G	T	T	G	G	G	G	T	T	A	A	T	T	A	A	G	G	A	A	A	A	0	0	C	C	A	A	G	G	A	A	C	C	C	C	A	A	A	A	G	G	T	T	G	G	G	G	G	G	T	T	A	A	T	T	A	A	A	A	T	T	T	T	T	T	A	A	G	C	G	G	C	C	T	T	0	0	A	A	C	C	G	G	T	T	C	C	T	T	C	C	G	G	G	G	C	C	T	T	G	G	G	G	C	C	G	G	T	T	C	C	G	G	A	A	A	A	G	G	C	C	T	T	A	A	A	A	C	C	T	T	C	C	A	A
TS-19	C	C	A	A	0	0	C	C	T	T	A	A	C	C	T	T	C	C	A	A	0	0	C	C	T	T	T	T	A	A	C	C	A	A	A	A	G	G	A	A	C	C	G	G	G	G	T	T	G	G	G	G	T	T	A	A	T	T	A	A	G	G	A	A	A	A	0	0	C	C	A	A	G	G	A	A	C	C	C	C	A	A	A	A	G	G	T	T	G	G	G	G	G	G	T	T	A	A	T	T	A	A	A	A	T	T	T	T	T	T	A	A	G	C	G	G	C	C	T	T	0	0	A	A	C	C	G	G	T	T	C	C	T	T	C	C	G	G	G	G	C	C	T	T	G	G	G	G	C	C	G	G	T	T	C	C	G	G	A	A	A	A	G	G	C	C	T	T	A	A	A	A	C	C	T	T	C	C	A	A
TS-20	C	C	A	A	A	A	C	C	T	T	A	A	C	C	T	T	C	C	A	A	G	G	C	C	T	T	T	T	A	A	C	C	A	A	A	A	G	G	A	A	C	C	G	G	G	G	T	T	G	G	G	G	T	T	A	A	T	T	A	A	G	G	A	A	A	A	0	0	C	C	A	A	G	G	A	A	C	C	C	C	A	A	A	A	G	G	T	T	G	G	G	G	G	G	T	T	A	A	T	T	A	A	A	A	T	T	T	T	T	T	A	A	G	C	G	G	C	C	T	T	0	0	A	A	C	C	G	G	T	T	C	C	T	T	C	C	G	G	G	G	C	C	T	T	G	G	G	G	C	C	G	G	T	T	C	C	G	G	A	A	A	A	G	G	C	C	T	T	A	A	A	A	C	C	T	T	C	C	A	A
TS-21	C	C	A	A	0	0	C	C	T	T	A	A	C	C	T	T	C	C	A	A	0	0	C	C	T	T	T	T	A	A	C	C	A	A	A	A	G	G	A	A	C	C	G	G	G	G	T	T	G	G	G	G	T	T	A	A	T	T	A	A	G	G	A	A	A	A	0	0	C	C	A	A	G	G	A	A	C	C	C	C	A	A	A	A	G	G	T	T	G	G	G	G	G	G	T	T	A	A	T	T	A	A	A	A	T	T	T	T	T	T	A	A	G	C	G	G	C	C	T	T	0	0	A	A	C	C	G	G	T	T	C	C	T	T	C	C	G	G	G	G	C	C	T	T	G	G	G	G	C	C	G	G	T	T	C	C	G	G	A	A	A	A	G	G	C	C	T	T	A	A	A	A	C	C	T	T	C	C	A	A
TS-22	C	C	A	A	A	A	C	C	T	T	A	A	C	C	T	T	C	C	A	A	0	0	C	C	T	T	T	T	A	A	C	C	A	A	A	A	G	G	A	A	C	C	G	G	G	G	T	T	G	G	G	G	T	T	A	A	T	T	A	A	G	G	A	A	A	A	0	0	C	C	A	A	G	G	A	A	C	C	C	C	A	A	A	A	G	G	T	T	G	G	G	G	G	G	T	T	A	A	T	T	A	A	A	A	T	T	T	T	T	T	A	A	G	C	G	G	C	C	T	T	0	0	A	A	C	C	G	G	T	T	C	C	T	T	C	C	G	G	G	G	C	C	T	T	G	G	G	G	C	C	G	G	T	T	C	C	G	G	A	A	A	A	G	G	C	C	T	T	A	A	A	A	C	C	T	T	C	C	A	A
TS-23	C	C	A	A	A	A	C	C	T	T	A	A	C	C	T	T	C	C	A	A	0	0	C	C	T	T	T	T	A	A	C	C	A	A	A	A	G	G	A	A	C	C	G	G	G	G	T	T	G	G	G	G	T	T	A	A	T	T	A	A	G	G	A	A	A	A	0	0	C	C	A	A	G	G	A	A	C	C	C	C	A	A	A	A	G	G	T	T	G	G	G	G	G	G	T	T	A	A	T	T	A	A	A	A	T	T	T	T	T	T	A	A	G	C	G	G	C	C	T	T	0	0	A	A	C	C	G	G	T	T	C	C	T	T	C	C	G	G	G	G	C	C	T	T	G	G	G	G	C	C	G	G	T	T	C	C	G	G	A	A	0	0	G	G	C	C	T	T	A	A	A	A	C	C	T	T	C	C	A	A
TS-24	C	C	A	A	A	A	C	C	T	T	A	A	C	C	T	T	C	C	A	A	G	G	C	C	T	T	T	T	A	A	C	C	A	A	A	A	G	G	A	A	C	C	G	G	G	G	T	T	G	G	G	G	T	T	A	A	T	T	A	A	G	G	A	A	A	A	0	0	C	C	A	A	G	G	A	A	C	C	C	C	A	A	A	A	G	G	T	T	G	G	G	G	G	G	T	T	A	A	T	T	A	A	A	A	T	T	T	T	T	T	A	A	G	C	G	G	C	C	T	T	0	0	A	A	C	C	G	G	T	T	C	C	T	T	C	C	G	G	G	G	C	C	T	T	G	G	G	G	C	C	G	G	T	T	C	C	G	G	A	A	A	A	G	G	C	C	T	T	A	A	A	A	C	C	T	T	C	C	A	A
TS-25	C	C	0	0	A	A	C	C	T	T	A	A	C	C	T	T	C	C	A	A	0	0	C	C	T	T	T	T	A	A	C	C	A	A	A	A	G	G	A	A	C	C	G	G	G	G	T	T	G	G	0	0	0	0	A	A	T	T	A	A	G	G	A	A	A	A	0	0	C	C	A	A	G	G	A	A	C	C	C	C	A	A	A	A	G	G	T	T	G	G	G	G	G	G	T	T	A	A	T	T	A	A	A	A	T	T	T	T	T	T	A	A	G	C	G	G	C	C	T	T	0	0	A	A	C	C	G	G	T	T	C	C	T	T	C	C	G	G	G	G	C	C	T	T	G	G	G	G	C	C	G	G	T	T	C	C	G	G	A	A	A	A	G	G	C	C	T	T	A	A	A	A	C	C	T	T	C	C	A	A
TS-26	C	C	A	A	A	A	C	C	T	T	A	A	C	C	T	T	C	C	A	A	G	G	C	C	T	T	T	T	A	A	C	C	A	A	A	A	G	G	A	A	C	C	G	G	G	G	T	T	G	G	G	G	T	T	A	A	T	T	A	A	G	G	A	A	A	A	0	0	C	C	A	A	G	G	A	A	C	C	C	C	A	A	A	A	G	G	T	T	G	G	G	G	G	G	T	T	A	A	T	T	A	A	A	A	T	T	T	T	T	T	A	A	G	C	G	G	C	C	T	T	0	0	A	A	C	C	G	G	T	T	C	C	T	T	C	C	G	G	G	G	C	C	T	T	G	G	G	G	C	C	G	G	T	T	C	C	G	G	A	A	A	A	G	G	C	C	T	T	A	A	A	A	C	C	T	T	C	C	A	A
TS-27	C	C	A	A	A	A	C	C	T	T	A	A	C	C	T	T	C	C	A	A	G	G	C	C	T	T	T	T	A	A	C	C	A	A	A	A	G	G	A	A	C	C	G	G	G	G	T	T	G	G	G	G	0	0	A	A	T	T	A	A	G	G	A	A	A	A	0	0	C	C	A	A	G	G	A	A	C	C	C	C	A	A	A	A	G	G	T	T	G	G	G	G	G	G	T	T	A	A	T	T	A	A	A	A	T	T	T	T	T	T	A	A	G	C	G	G	C	C	T	T	0	0	A	A	C	C	G	G	T	T	C	C	T	T	C	C	G	G	G	G	C	C	T	T	G	G	G	G	C	C	G	G	T	T	C	C	G	G	A	A	A	A	G	G	C	C	T	T	A	A	A	A	C	C	T	T	C	C	A	A
TS-28	C	C	A	A	0	0	C	C	T	T	A	A	C	C	T	T	C	C	A	A	0	0	C	C	T	T	T	T	A	A	C	C	A	A	A	A	G	G	A	A	C	C	G	G	G	G	T	T	G	G	G	G	T	T	A	A	T	T	A	A	G	G	A	A	A	A	0	0	C	C	A	A	G	G	A	A	C	C	C	C	A	A	A	A	G	G	T	T	G	G	G	G	G	G	T	T	A	A	T	T	A	A	A	A	T	T	T	T	T	T	A	A	G	C	G	G	C	C	T	T	0	0	A	A	C	C	G	G	T	T	C	C	T	T	C	C	G	G	G	G	C	C	T	T	G	G	G	G	C	C	G	G	T	T	C	C	G	G	A	A	A	A	G	G	C	C	T	T	A	A	A	A	C	C	T	T	C	C	A	A
TS-29	C	C	A	A	A	A	C	C	T	T	A	A	C	C	T	T	C	C	A	A	0	0	C	C	T	T	T	T	A	A	C	C	A	A	A	A	G	G	A	A	C	C	G	G	G	G	T	T	G	G	G	G	T	T	A	A	T	T	A	A	G	G	A	A	A	A	0	0	C	C	A	A	G	G	A	A	C	C	C	C	A	A	A	A	G	G	T	T	G	G	G	G	G	G	T	T	A	A	T	T	A	A	A	A	T	T	T	T	T	T	A	A	G	C	G	G	C	C	T	T	0	0	A	A	C	C	G	G	T	T	C	C	T	T	C	C	G	G	G	G	C	C	T	T	G	G	G	G	C	C	G	G	T	T	C	C	G	G	A	A	A	A	G	G	C	C	T	T	A	A	A	A	C	C	T	T	C	C	A	A
TS-30	C	C	A	A	A	A	C	C	T	T	A	A	C	C	T	T	C	C	A	A	G	G	C	C	T	T	T	T	A	A	C	C	A	A	A	A	G	G	A	A	C	C	G	G	G	G	T	T	G	G	G	G	T	T	A	A	T	T	A	A	G	G	A	A	A	A	0	0	C	C	A	A	G	G	A	A	C	C	C	C	A	A	A	A	G	G	T	T	G	G	G	G	G	G	T	T	A	A	T	T	A	A	A	A	T	T	T	T	T	T	A	A	G	C	G	G	C	C	T	T	0	0	A	A	C	C	G	G	T	T	C	C	T	T	C	C	G	G	G	G	C	C	T	T	G	G	G	G	C	C	G	G	T	T	C	C	G	G	A	A	A	A	G	G	C	C	T	T	A	A	A	A	C	C	T	T	C	C	A	A
TS-31	C	C	A	A	A	A	C	C	T	T	A	A	C	C	T	T	C	C	A	A	0	0	C	C	T	T	T	T	A	A	C	C	A	A	A	A	G	G	A	A	C	C	G	G	G	G	T	T	G	G	G	G	T	T	A	A	T	T	A	A	G	G	A	A	A	A	0	0	C	C	A	A	G	G	A	A	C	C	C	C	A	A	A	A	G	G	T	T	G	G	G	G	G	G	T	T	A	A	T	T	A	A	A	A	T	T	T	T	T	T	A	A	G	C	G	G	C	C	T	T	0	0	A	A	C	C	G	G	T	T	C	C	T	T	C	C	G	G	G	G	C	C	T	T	G	G	G	G	C	C	G	G	T	T	C	C	G	G	A	A	A	A	T	T	C	C	T	T	A	A	A	A	C	C	T	T	C	C	A	A
TS-32	C	C	A	A	A	A	C	C	T	T	A	A	C	C	T	T	C	C	A	A	G	G	C	C	T	T	T	T	A	A	C	C	A	A	A	A	G	G	A	A	C	C	G	G	G	G	T	T	G	G	G	G	0	0	A	A	T	T	A	A	G	G	A	A	A	A	0	0	C	C	A	A	G	G	A	A	C	C	C	C	A	A	A	A	G	G	T	T	G	G	G	G	G	G	T	T	A	A	T	T	A	A	A	A	T	T	T	T	T	T	A	A	G	C	G	G	C	C	T	T	0	0	A	A	C	C	G	G	T	T	C	C	T	T	C	C	G	G	G	G	C	C	T	T	G	G	G	G	C	C	G	G	T	T	C	C	G	G	A	A	A	A	G	G	C	C	T	T	A	A	A	A	C	C	T	T	C	C	A	A
TS-33	C	C	A	A	A	A	C	C	T	T	A	A	C	C	T	T	C	C	A	A	G	G	C	C	T	T	T	T	A	A	C	C	A	A	A	A	G	G	A	A	C	C	G	G	G	G	T	T	G	G	G	G	0	0	A	A	T	T	A	A	G	G	A	A	A	A	0	0	C	C	A	A	G	G	A	A	C	C	C	C	A	A	A	A	G	G	T	T	G	G	G	G	G	G	T	T	A	A	T	T	A	A	A	A	T	T	T	T	T	T	A	A	G	C	G	G	C	C	T	T	0	0	A	A	C	C	G	G	T	T	C	C	T	T	C	C	G	G	G	G	C	C	T	T	G	G	G	G	C	C	G	G	T	T	C	C	G	G	A	A	A	A	G	G	C	C	T	T	A	A	A	A	C	C	T	T	C	C	A	A
TS-34	C	C	A	A	A	A	C	C	T	T	A	A	C	C	T	T	C	C	A	A	G	G	C	C	T	T	T	T	A	A	C	C	A	A	A	A	G	G	A	A	C	C	G	G	G	G	T	T	G	G	G	G	0	0	A	A	T	T	A	A	G	G	A	A	A	A	0	0	C	C	A	A	G	G	A	A	C	C	C	C	A	A	A	A	G	G	T	T	G	G	G	G	G	G	T	T	A	A	T	T	A	A	A	A	T	T	T	T	T	T	A	A	G	C	G	G	C	C	T	T	0	0	A	A	C	C	G	G	T	T	C	C	T	T	C	C	G	G	G	G	C	C	T	T	G	G	G	G	C	C	G	G	T	T	C	C	G	G	A	A	A	A	G	G	C	C	T	T	A	A	A	A	C	C	T	T	C	C	A	A
TS-35	C	C	A	A	A	A	C	C	T	T	A	A	C	C	T	T	C	C	A	A	0	0	C	C	T	T	T	T	A	A	C	C	A	A	A	A	G	G	A	A	C	C	G	G	G	G	T	T	G	G	G	G	T	T	A	A	T	T	A	A	G	G	A	A	A	A	0	0	C	C	A	A	G	G	A	A	C	C	C	C	A	A	A	A	G	G	T	T	G	G	G	G	G	G	T	T	A	A	T	T	A	A	A	A	T	T	T	T	T	T	A	A	G	C	G	G	C	C	T	T	0	0	A	A	C	C	G	G	T	T	C	C	T	T	C	C	G	G	G	G	C	C	T	T	G	G	G	G	C	C	G	G	T	T	C	C	G	G	A	A	A	A	G	G	C	C	T	T	A	A	A	A	C	C	T	T	C	C	A	A
TS-36	C	C	A	A	A	A	C	C	T	T	A	A	C	C	T	T	C	C	A	A	G	G	C	C	T	T	T	T	A	A	C	C	A	A	A	A	G	G	A	A	C	C	G	G	G	G	T	T	G	G	G	G	T	T	A	A	T	T	A	A	G	G	A	A	A	A	0	0	C	C	A	A	G	G	A	A	C	C	C	C	A	A	A	A	G	G	T	T	G	G	G	G	G	G	T	T	A	A	T	T	A	A	A	A	T	T	T	T	T	T	A	A	G	C	G	G	C	C	T	T	0	0	A	A	C	C	G	G	T	T	C	C	T	T	C	C	G	G	G	G	C	C	T	T	G	G	G	G	C	C	G	G	T	T	C	C	G	G	A	A	A	A	G	G	C	C	T	T	A	A	A	A	C	C	T	T	C	C	A	A
TS-37	C	C	A	A	A	A	C	C	T	T	A	A	C	C	T	T	C	C	A	A	G	G	C	C	T	T	T	T	A	A	C	C	A	A	A	A	G	G	A	A	C	C	G	G	G	G	T	T	G	G	G	G	T	T	A	A	T	T	A	A	G	G	A	A	A	A	0	0	C	C	A	A	G	G	A	A	C	C	C	C	A	A	A	A	G	G	T	T	G	G	G	G	G	G	T	T	A	A	T	T	A	A	A	A	T	T	T	T	T	T	A	A	G	C	G	G	C	C	T	T	0	0	A	A	C	C	G	G	T	T	C	C	T	T	C	C	G	G	G	G	C	C	T	T	G	G	G	G	C	C	G	G	T	T	C	C	G	G	A	A	A	A	G	G	C	C	T	T	A	A	A	A	C	C	T	T	C	C	A	A
TS-38	C	C	A	A	A	A	C	C	T	T	A	A	C	C	T	T	C	C	A	A	0	0	C	C	T	T	T	T	A	A	C	C	A	A	A	A	G	G	A	A	C	C	G	G	G	G	T	T	G	G	G	G	T	T	A	A	T	T	A	A	G	G	A	A	A	A	0	0	C	C	A	A	G	G	A	A	C	C	C	C	A	A	A	A	G	G	T	T	G	G	G	G	G	G	T	T	A	A	T	T	A	A	A	A	T	T	T	T	T	T	A	A	G	C	G	G	C	C	T	T	0	0	A	A	C	C	G	G	T	T	C	C	T	T	C	C	G	G	G	G	C	C	T	T	G	G	G	G	C	C	G	G	T	T	C	C	G	G	A	A	A	A	G	G	C	C	T	T	A	A	A	A	C	C	T	T	C	C	A	A
TS-39	C	C	A	A	A	A	C	C	T	T	A	A	C	C	T	T	C	C	A	A	0	0	C	C	T	T	T	T	A	A	C	C	A	A	A	A	G	G	A	A	C	C	G	G	G	G	T	T	G	G	G	G	T	T	A	A	T	T	A	A	G	G	A	A	A	A	0	0	C	C	A	A	G	G	A	A	C	C	C	C	A	A	A	A	G	G	T	T	G	G	G	G	G	G	T	T	A	A	T	T	A	A	A	A	T	T	T	T	T	T	A	A	G	C	G	G	C	C	T	T	0	0	A	A	C	C	G	G	T	T	C	C	T	T	C	C	G	G	G	G	C	C	T	T	G	G	G	G	C	C	G	G	T	T	C	C	G	G	A	A	A	A	G	G	C	C	T	T	A	A	A	A	C	C	T	T	C	C	A	A
TS-40	C	C	A	A	A	A	C	C	T	T	A	A	C	C	T	T	C	C	A	A	G	G	C	C	T	T	T	T	A	A	C	C	A	A	A	A	G	G	A	A	C	C	G	G	G	G	T	T	G	G	G	G	T	T	A	A	T	T	A	A	G	G	A	A	A	A	0	0	C	C	A	A	G	G	A	A	C	C	C	C	A	A	A	A	G	G	T	T	G	G	G	G	G	G	T	T	A	A	T	T	A	A	A	A	T	T	T	T	T	T	A	A	G	C	G	G	C	C	T	T	0	0	A	A	C	C	G	G	T	T	C	C	T	T	C	C	G	G	G	G	C	C	T	T	G	G	G	G	C	C	G	G	T	T	C	C	G	G	A	A	A	A	G	G	C	C	T	T	A	A	A	A	C	C	T	T	C	C	A	A
TS-41	C	C	A	A	A	A	C	C	T	T	A	A	C	C	T	T	C	C	A	A	0	0	C	C	T	T	T	T	A	A	C	C	A	A	A	A	G	G	A	A	C	C	G	G	G	G	T	T	G	G	G	G	T	T	A	A	T	T	A	A	G	G	A	A	A	A	0	0	C	C	A	A	G	G	A	A	C	C	C	C	A	A	A	A	G	G	T	T	G	G	G	G	G	G	T	T	A	A	T	T	A	A	A	A	T	T	T	T	T	T	A	A	G	C	G	G	C	C	T	T	0	0	A	A	C	C	G	G	T	T	C	C	T	T	C	C	G	G	G	G	C	C	T	T	G	G	G	G	C	C	G	G	T	T	C	C	G	G	A	A	A	A	T	T	C	C	T	T	A	A	A	A	C	C	T	T	C	C	A	A
TS-42	C	C	A	A	A	A	C	C	T	T	A	A	C	C	T	T	C	C	A	A	G	G	C	C	T	T	T	T	A	A	C	C	A	A	A	A	G	G	A	A	C	C	G	G	G	G	T	T	G	G	G	G	T	T	A	A	T	T	A	A	G	G	A	A	A	A	0	0	C	C	A	A	G	G	A	A	C	C	C	C	A	A	A	A	G	G	T	T	G	G	G	G	G	G	T	T	A	A	T	T	A	A	A	A	T	T	T	T	T	T	A	A	G	C	G	G	C	C	T	T	0	0	A	A	C	C	G	G	T	T	C	C	T	T	C	C	G	G	G	G	C	C	T	T	G	G	G	G	C	C	G	G	T	T	C	C	G	G	A	A	A	A	G	G	C	C	T	T	A	A	A	A	C	C	T	T	C	C	A	A
TS-43	C	C	A	A	A	A	C	C	T	T	A	A	C	C	T	T	C	C	A	A	G	G	C	C	T	T	T	T	A	A	C	C	A	A	A	A	G	G	A	A	C	C	G	G	G	G	T	T	G	G	G	G	T	T	A	A	T	T	A	A	G	G	A	A	A	A	0	0	C	C	A	A	G	G	A	A	C	C	C	C	A	A	A	A	G	G	T	T	G	G	G	G	G	G	0	0	A	A	T	T	A	A	A	A	T	T	T	T	T	T	A	A	G	C	G	G	C	C	T	T	0	0	A	A	C	C	G	G	T	T	C	C	T	T	C	C	G	G	G	G	C	C	T	T	G	G	G	G	C	C	G	G	T	T	C	C	G	G	A	A	A	A	G	G	C	C	T	T	A	A	A	A	C	C	T	T	C	C	A	A
TS-44	C	C	A	A	A	A	C	C	T	T	A	A	C	C	T	T	C	C	A	A	G	G	C	C	T	T	T	T	A	A	C	C	A	A	A	A	G	G	A	A	C	C	G	G	G	G	T	T	G	G	G	G	T	T	A	A	T	T	A	A	G	G	A	A	A	A	0	0	C	C	A	A	G	G	A	A	C	C	C	C	A	A	A	A	G	G	T	T	G	G	G	G	G	G	T	T	A	A	T	T	A	A	A	A	T	T	T	T	T	T	A	A	G	C	G	G	C	C	T	T	0	0	A	A	C	C	G	G	T	T	C	C	T	T	C	C	G	G	G	G	C	C	T	T	G	G	G	G	C	C	G	G	T	T	C	C	G	G	A	A	A	A	G	G	C	C	T	T	A	A	A	A	C	C	T	T	C	C	A	A
TS-45	C	C	A	A	A	A	C	C	T	T	A	A	C	C	T	T	C	C	A	A	G	G	C	C	T	T	T	T	A	A	C	C	A	A	A	A	G	G	A	A	C	C	G	G	G	G	T	T	G	G	G	G	T	T	A	A	T	T	A	A	G	G	A	A	A	A	0	0	C	C	A	A	G	G	A	A	C	C	C	C	A	A	A	A	G	G	T	T	G	G	G	G	G	G	T	T	A	A	T	T	A	A	A	A	T	T	T	T	T	T	A	A	G	C	G	G	C	C	T	T	0	0	A	A	C	C	G	G	T	T	C	C	T	T	C	C	G	G	G	G	C	C	T	T	G	G	G	G	C	C	G	G	T	T	C	C	G	G	A	A	A	A	G	G	C	C	T	T	A	A	A	A	C	C	T	T	C	C	A	A
TS-46	C	C	A	A	A	A	C	C	T	T	A	A	C	C	T	T	C	C	A	A	G	G	C	C	T	T	T	T	A	A	C	C	A	A	A	A	G	G	A	A	C	C	G	G	G	G	T	T	G	G	G	G	T	T	A	A	T	T	A	A	G	G	A	A	A	A	0	0	C	C	A	A	G	G	A	A	C	C	C	C	A	A	A	A	G	G	T	T	G	G	G	G	G	G	T	T	A	A	T	T	A	A	A	A	T	T	T	T	T	T	A	A	G	C	G	G	C	C	T	T	0	0	A	A	C	C	G	G	T	T	C	C	T	T	C	C	G	G	G	G	C	C	T	T	G	G	G	G	C	C	G	G	T	T	C	C	G	G	A	A	A	A	G	G	C	C	T	T	A	A	A	A	C	C	T	T	C	C	A	A
TS-47	C	C	A	A	A	A	C	C	T	T	A	A	C	C	T	T	C	C	A	A	G	G	C	C	T	T	T	T	A	A	C	C	A	A	A	A	G	G	A	A	C	C	G	G	G	G	T	T	G	G	G	G	T	T	A	A	T	T	A	A	G	G	A	A	A	A	0	0	C	C	A	A	G	G	A	A	C	C	C	C	A	A	A	A	G	G	T	T	G	G	G	G	G	G	T	T	A	A	T	T	A	A	A	A	T	T	T	T	T	T	A	A	G	C	G	G	C	C	T	T	0	0	A	A	C	C	G	G	T	T	C	C	T	T	C	C	G	G	G	G	C	C	T	T	G	G	G	G	C	C	G	G	T	T	C	C	G	G	A	A	A	A	G	G	C	C	T	T	A	A	A	A	C	C	T	T	C	C	A	A
TS-48	C	C	A	A	A	A	C	C	T	T	A	A	C	C	T	T	C	C	A	A	G	G	C	C	T	T	T	T	A	A	C	C	A	A	A	A	G	G	A	A	C	C	G	G	G	G	T	T	G	G	G	G	T	T	A	A	T	T	A	A	G	G	A	A	A	A	0	0	C	C	A	A	G	G	A	A	C	C	C	C	A	A	A	A	G	G	T	T	G	G	G	G	G	G	T	T	A	A	T	T	A	A	A	A	T	T	T	T	T	T	A	A	G	C	G	G	C	C	T	T	0	0	A	A	C	C	G	G	T	T	C	C	T	T	C	C	G	G	G	G	C	C	T	T	G	G	G	G	C	C	G	G	T	T	C	C	G	G	A	A	A	A	G	G	C	C	T	T	A	A	A	A	C	C	T	T	C	C	A	A
TS-49	C	C	A	A	A	A	C	C	T	T	A	A	C	C	T	T	C	C	A	A	G	G	C	C	T	T	T	T	A	A	C	C	A	A	A	A	G	G	A	A	C	C	G	G	G	G	T	T	G	G	G	G	T	T	A	A	T	T	A	A	G	G	A	A	A	A	0	0	C	C	A	A	G	G	A	A	C	C	C	C	A	A	A	A	G	G	0	0	G	G	G	G	G	G	T	T	A	A	T	T	A	A	A	A	T	T	T	T	T	T	A	A	G	C	G	G	C	C	T	T	0	0	A	A	C	C	G	G	T	T	C	C	T	T	C	C	G	G	G	G	C	C	T	T	G	G	G	G	C	C	G	G	T	T	C	C	G	G	A	A	A	A	G	G	C	C	T	T	A	A	A	A	C	C	T	T	C	C	A	A
TS-50	C	C	A	A	A	A	C	C	T	T	A	A	C	C	T	T	C	C	A	A	G	G	C	C	T	T	T	T	A	A	C	C	A	A	A	A	G	G	A	A	C	C	G	G	G	G	T	T	G	G	G	G	T	T	A	A	T	T	A	A	G	G	A	A	A	A	0	0	C	C	A	A	G	G	A	A	C	C	C	C	A	A	A	A	G	G	T	T	G	G	G	G	G	G	T	T	A	A	T	T	A	A	A	A	T	T	T	T	T	T	A	A	G	C	G	G	C	C	T	T	0	0	A	A	C	C	G	G	T	T	C	C	T	T	C	C	G	G	G	G	C	C	T	T	G	G	G	G	C	C	G	G	T	T	C	C	G	G	A	A	A	A	G	G	C	C	T	T	A	A	A	A	C	C	T	T	C	C	A	A
